date,selection_score,train_sharpe,selected_N,selected_M,selected_n,selected_S,selected_trend_method,selected_ma_len_days,selected_compare_lag_days,date_dt
2023-03-23 13:20:00,-0.14842486588938655,2.225075604326466,16,600,2.0,0.5,price_compare,5,,2023-03-23 13:20:00
2023-03-24 13:35:00,-0.14730509865123395,2.4327059754849145,16,600,2.0,0.5,price_compare,5,,2023-03-24 13:35:00
2023-03-27 13:50:00,-0.1466107857400535,2.402301903305804,16,600,2.0,0.5,price_compare,5,,2023-03-27 13:50:00
2023-03-28 14:05:00,-0.1548395743723529,2.4194826014503636,16,600,2.0,0.5,price_compare,5,,2023-03-28 14:05:00
2023-03-29 14:20:00,-0.1508502839607763,2.3416692964297,16,600,2.0,0.5,price_compare,5,,2023-03-29 14:20:00
2023-03-30 14:35:00,-0.1645148504654833,2.400586560066112,16,600,2.0,0.5,price_compare,5,,2023-03-30 14:35:00
2023-03-31 14:50:00,-0.17200560103979232,2.6626561604146395,16,600,2.0,0.5,price_compare,5,,2023-03-31 14:50:00
2023-04-03 15:05:00,-0.16723179032558705,2.5719545206611416,16,600,2.0,0.5,price_compare,5,,2023-04-03 15:05:00
2023-04-06 09:35:00,-0.16543743484900286,2.465120248503554,16,600,2.0,0.5,price_compare,5,,2023-04-06 09:35:00
2023-04-07 09:50:00,-0.1681565878770398,2.4878168611881315,16,600,2.0,0.5,price_compare,5,,2023-04-07 09:50:00
2023-04-10 10:05:00,-0.1595501184614944,3.2487071193731776,16,600,2.0,0.5,price_compare,5,,2023-04-10 10:05:00
2023-04-11 10:20:00,-0.13509937241573333,3.458764658454987,16,600,2.0,0.5,price_compare,5,,2023-04-11 10:20:00
2023-04-12 10:35:00,-0.12033411233225484,3.564211106576239,16,600,2.0,0.5,price_compare,5,,2023-04-12 10:35:00
2023-04-13 10:50:00,-0.10792768027886045,3.4606173061594045,16,600,2.0,0.5,price_compare,5,,2023-04-13 10:50:00
2023-04-14 11:05:00,-0.11457129795051142,3.531487032139439,16,600,2.0,0.5,price_compare,5,,2023-04-14 11:05:00
2023-04-17 11:20:00,-0.09834496438969982,3.4937996429234346,16,600,2.0,0.5,price_compare,5,,2023-04-17 11:20:00
2023-04-18 13:05:00,-0.09471521913625566,3.1490360384261264,16,600,2.0,0.5,price_compare,5,,2023-04-18 13:05:00
2023-04-19 13:20:00,-0.10276485594944945,3.198829923628478,16,600,2.0,0.5,price_compare,5,,2023-04-19 13:20:00
2023-04-20 13:35:00,-0.09662400673077606,2.8740488245950884,16,600,2.0,0.5,price_compare,5,,2023-04-20 13:35:00
2023-04-21 13:50:00,-0.1014287300470725,3.1145121116982075,16,600,2.0,0.5,price_compare,5,,2023-04-21 13:50:00
2023-04-24 14:05:00,-0.10595775168671272,3.681421378118792,16,600,2.0,0.5,price_compare,5,,2023-04-24 14:05:00
2023-04-25 14:20:00,-0.09791201997056102,3.403301362700122,16,600,2.0,0.5,price_compare,5,,2023-04-25 14:20:00
2023-04-26 14:35:00,-0.10529246827429803,3.4155020952404187,16,600,2.0,0.5,price_compare,5,,2023-04-26 14:35:00
2023-04-27 14:50:00,-0.09865277963813755,3.682529989988395,16,600,2.0,0.5,price_compare,5,,2023-04-27 14:50:00
2023-04-28 15:05:00,-0.0899992926208385,3.5001519051921126,16,600,2.0,0.5,price_compare,5,,2023-04-28 15:05:00
2023-05-05 09:35:00,-0.09266780488083183,3.764557525695326,16,600,2.0,0.5,price_compare,5,,2023-05-05 09:35:00
2023-05-08 09:50:00,-0.08942063175002517,4.067095496518344,16,600,2.0,0.5,price_compare,5,,2023-05-08 09:50:00
2023-05-09 10:05:00,-0.08969906600099684,3.864452443375326,16,600,2.0,0.5,price_compare,5,,2023-05-09 10:05:00
2023-05-10 10:20:00,-0.08935465358401355,4.0014220429412966,16,600,2.0,0.5,price_compare,5,,2023-05-10 10:20:00
2023-05-11 10:35:00,-0.0631514191396141,4.104085356854605,16,600,2.0,0.5,price_compare,5,,2023-05-11 10:35:00
2023-05-12 10:50:00,-0.07598521577584898,4.034002114648663,16,600,2.0,0.5,price_compare,5,,2023-05-12 10:50:00
2023-05-15 11:05:00,-0.07201009850023625,4.003677864141202,16,600,2.0,0.5,price_compare,5,,2023-05-15 11:05:00
2023-05-16 11:20:00,-0.06057467216987404,4.23506283252491,16,600,2.0,0.5,price_compare,5,,2023-05-16 11:20:00
2023-05-17 13:05:00,-0.05551651782375961,4.089651225713023,16,600,2.0,0.5,price_compare,5,,2023-05-17 13:05:00
2023-05-18 13:20:00,-0.06397227068483999,4.4785668099647085,16,600,2.0,0.5,price_compare,5,,2023-05-18 13:20:00
2023-05-19 13:35:00,-0.06243069725986013,4.370960866053442,20,800,2.0,0.5,price_compare,5,,2023-05-19 13:35:00
2023-05-22 13:50:00,-0.06532121652720208,4.561941024976047,16,600,2.0,0.5,price_compare,5,,2023-05-22 13:50:00
2023-05-23 14:05:00,-0.05961148773687763,4.543027444581205,16,600,2.0,0.5,price_compare,5,,2023-05-23 14:05:00
2023-05-24 14:20:00,-0.06976205831740927,4.770895916679857,16,600,2.0,0.5,price_compare,5,,2023-05-24 14:20:00
2023-05-25 14:35:00,-0.06924768725302297,4.741845794405929,16,600,2.0,0.5,price_compare,5,,2023-05-25 14:35:00
2023-05-26 14:50:00,-0.07568312105667245,4.411383380030073,16,600,2.0,0.5,price_compare,5,,2023-05-26 14:50:00
2023-05-29 15:05:00,-0.07228168041039491,4.241367785509933,16,600,2.0,0.5,price_compare,5,,2023-05-29 15:05:00
2023-05-31 09:35:00,-0.07591626808400617,4.324099032436177,16,600,2.0,0.5,price_compare,5,,2023-05-31 09:35:00
2023-06-01 09:50:00,-0.07805956732212589,4.7116143332265965,16,600,2.0,0.5,price_compare,5,,2023-06-01 09:50:00
2023-06-02 10:05:00,-0.06802599307105793,4.363861890046868,16,600,2.0,0.5,price_compare,5,,2023-06-02 10:05:00
2023-06-05 10:20:00,-0.0831826737852208,4.418571067880036,16,600,2.0,0.5,price_compare,5,,2023-06-05 10:20:00
2023-06-06 10:35:00,-0.0853754356199138,3.859473064704837,16,600,2.0,0.5,price_compare,5,,2023-06-06 10:35:00
2023-06-07 10:50:00,-0.056071056617123124,3.9515535382851037,16,600,2.0,0.5,price_compare,5,,2023-06-07 10:50:00
2023-06-08 11:05:00,-0.054277018361234275,3.8495932088374314,16,600,2.0,0.5,price_compare,5,,2023-06-08 11:05:00
2023-06-09 11:20:00,-0.061225017298861074,4.041424059941208,16,600,2.0,0.5,price_compare,5,,2023-06-09 11:20:00
2023-06-12 13:05:00,-0.06913692410254979,4.246132247858596,16,600,2.0,0.5,price_compare,5,,2023-06-12 13:05:00
2023-06-13 13:20:00,-0.06886857177085204,5.44156821654373,16,600,2.0,0.5,price_compare,5,,2023-06-13 13:20:00
2023-06-14 13:35:00,-0.0631862198912227,5.308688025974664,16,600,2.0,0.5,price_compare,5,,2023-06-14 13:35:00
2023-06-15 13:50:00,-0.05857372989717334,5.256118263738366,16,600,2.0,0.5,price_compare,5,,2023-06-15 13:50:00
2023-06-16 14:05:00,-0.03446354518733237,6.039160161862011,16,600,2.0,0.5,price_compare,5,,2023-06-16 14:05:00
2023-06-19 14:20:00,-0.029437899169053837,5.976415558264727,16,600,2.0,0.5,price_compare,5,,2023-06-19 14:20:00
2023-06-20 14:35:00,-0.03508246609371815,5.863013992883173,16,600,2.0,0.5,price_compare,5,,2023-06-20 14:35:00
2023-06-21 14:50:00,-0.031001564187990497,5.224890823499691,16,600,2.0,0.5,price_compare,5,,2023-06-21 14:50:00
2023-06-26 15:05:00,-0.03252737083330754,5.438718431437642,16,600,2.0,0.5,price_compare,5,,2023-06-26 15:05:00
2023-06-28 09:35:00,-0.033486002098050624,5.078885047628237,16,600,2.0,0.5,price_compare,5,,2023-06-28 09:35:00
2023-06-29 09:50:00,-0.03372362232937355,5.195994868132907,16,600,2.0,0.5,price_compare,5,,2023-06-29 09:50:00
2023-06-30 10:05:00,-0.040916565501239566,5.418465331131918,16,600,2.0,0.5,price_compare,5,,2023-06-30 10:05:00
2023-07-03 10:20:00,-0.03824248729625856,5.399128392540907,16,600,2.0,0.5,price_compare,5,,2023-07-03 10:20:00
2023-07-04 10:35:00,-0.043852279262073274,5.490341211755526,16,600,2.0,0.5,price_compare,5,,2023-07-04 10:35:00
2023-07-05 10:50:00,-0.029615509385153584,5.4714052293222295,16,600,2.0,0.5,price_compare,5,,2023-07-05 10:50:00
2023-07-06 11:05:00,-0.033926547407447195,5.295539593410047,16,600,2.0,0.5,price_compare,5,,2023-07-06 11:05:00
2023-07-07 11:20:00,-0.03879954007356874,5.0921572057375455,16,600,2.0,0.5,price_compare,5,,2023-07-07 11:20:00
2023-07-10 13:05:00,-0.04482890160915836,4.6775340586885275,16,600,2.0,0.5,price_compare,5,,2023-07-10 13:05:00
2023-07-11 13:20:00,-0.04826828845351909,4.430825705473677,16,600,2.0,0.5,price_compare,5,,2023-07-11 13:20:00
2023-07-12 13:35:00,-0.05619601152647198,4.4734626610506245,16,600,2.0,0.5,price_compare,5,,2023-07-12 13:35:00
2023-07-13 13:50:00,-0.07711727601594409,4.4639835590244425,16,600,2.0,0.5,price_compare,5,,2023-07-13 13:50:00
2023-07-14 14:05:00,-0.08239855725757013,4.2924257842199145,16,600,2.0,0.5,price_compare,5,,2023-07-14 14:05:00
2023-07-17 14:20:00,-0.07462924073235075,3.990965501128733,16,600,2.0,0.5,price_compare,5,,2023-07-17 14:20:00
2023-07-18 14:35:00,-0.06661852399055886,4.448883781111049,16,600,2.0,0.5,price_compare,5,,2023-07-18 14:35:00
2023-07-19 14:50:00,-0.08084337249383616,4.328492973087561,16,600,2.0,0.5,price_compare,5,,2023-07-19 14:50:00
2023-07-20 15:05:00,-0.09685974458129494,4.373541010973326,16,600,2.0,0.5,price_compare,5,,2023-07-20 15:05:00
2023-07-24 09:35:00,-0.10436077447743779,4.240091419702455,16,600,2.0,0.5,price_compare,5,,2023-07-24 09:35:00
2023-07-25 09:50:00,-0.10873038430920355,3.4724182361247498,16,600,2.0,0.5,price_compare,5,,2023-07-25 09:50:00
2023-07-26 10:05:00,-0.11286034791395651,3.3542557707340035,16,600,2.0,0.5,price_compare,5,,2023-07-26 10:05:00
2023-07-27 10:20:00,-0.11510274662059387,2.7959063322151874,16,600,2.0,0.5,price_compare,5,,2023-07-27 10:20:00
2023-07-28 10:35:00,-0.10968145943007616,2.5689474744161527,16,600,2.0,0.5,price_compare,5,,2023-07-28 10:35:00
2023-07-31 10:50:00,-0.1020075100308824,2.6876254545289147,16,600,2.0,0.5,price_compare,5,,2023-07-31 10:50:00
2023-08-01 11:05:00,-0.10042085519387617,2.4481787680245097,16,600,2.0,0.5,price_compare,5,,2023-08-01 11:05:00
2023-08-02 11:20:00,-0.10307798552752674,2.1494831466315567,16,600,2.0,0.5,price_compare,5,,2023-08-02 11:20:00
2023-08-03 13:05:00,-0.10581752260934105,2.066608821137181,16,600,2.0,0.5,price_compare,5,,2023-08-03 13:05:00
2023-08-04 13:20:00,-0.10304636785520868,1.6419565331337977,16,600,2.0,0.5,price_compare,5,,2023-08-04 13:20:00
2023-08-07 13:35:00,-0.10252992779927599,1.9459464215649263,16,600,2.0,0.5,price_compare,5,,2023-08-07 13:35:00
2023-08-08 13:50:00,-0.09822095466643162,1.9821203377888594,16,600,2.0,0.5,price_compare,5,,2023-08-08 13:50:00
2023-08-09 14:05:00,-0.12230665945657851,1.8357827385657306,16,600,2.0,0.5,price_compare,5,,2023-08-09 14:05:00
2023-08-10 14:20:00,-0.1158392314562299,1.8217879890023174,16,600,2.0,0.5,price_compare,5,,2023-08-10 14:20:00
2023-08-11 14:35:00,-0.12638167561717137,1.0179560086676465,16,600,2.0,0.5,price_compare,5,,2023-08-11 14:35:00
2023-08-14 14:50:00,-0.1250659231277171,1.2343193456520916,16,600,2.0,0.5,price_compare,5,,2023-08-14 14:50:00
2023-08-15 15:05:00,-0.11371455159509175,1.6709434598759614,16,600,2.0,0.5,price_compare,5,,2023-08-15 15:05:00
2023-08-17 09:35:00,-0.11990081591519725,2.020657943771156,16,600,2.0,0.5,price_compare,5,,2023-08-17 09:35:00
2023-08-18 09:50:00,-0.12255357289760582,1.8331326772048535,16,600,2.0,0.5,price_compare,5,,2023-08-18 09:50:00
2023-08-21 10:05:00,-0.12627429141397248,2.0754525310435445,16,600,2.0,0.5,price_compare,5,,2023-08-21 10:05:00
2023-08-22 10:20:00,-0.1352914648327802,1.8992447449082182,16,600,2.0,0.5,price_compare,5,,2023-08-22 10:20:00
2023-08-23 10:35:00,-0.13647482101021424,1.856433618414576,16,600,2.0,0.5,price_compare,5,,2023-08-23 10:35:00
2023-08-24 10:50:00,-0.14323553074557682,2.125382962431766,16,600,2.0,0.5,price_compare,5,,2023-08-24 10:50:00
2023-08-25 11:05:00,-0.1353933334215238,2.148294158406145,16,600,2.0,0.5,price_compare,5,,2023-08-25 11:05:00
2023-08-28 11:20:00,-0.13232562041003842,2.222551515856192,16,600,2.0,0.5,price_compare,5,,2023-08-28 11:20:00
2023-08-29 13:05:00,-0.10842117267553411,2.600772156347158,16,600,2.0,0.5,price_compare,5,,2023-08-29 13:05:00
2023-08-30 13:20:00,-0.10435056015188271,2.2542539685225833,16,600,2.0,0.5,price_compare,5,,2023-08-30 13:20:00
2023-08-31 13:35:00,-0.11510033158332718,2.141503796362503,16,600,2.0,0.5,price_compare,5,,2023-08-31 13:35:00
2023-09-01 13:50:00,-0.10049712037704739,1.7425309209306599,16,600,2.0,0.5,price_compare,5,,2023-09-01 13:50:00
2023-09-04 14:05:00,-0.09694182910530096,2.3173437097938896,16,600,2.0,0.5,price_compare,5,,2023-09-04 14:05:00
2023-09-05 14:20:00,-0.09263130620470836,1.9285167116068807,16,600,2.0,0.5,price_compare,5,,2023-09-05 14:20:00
2023-09-06 14:35:00,-0.09029385039604197,2.0159457254480904,16,600,2.0,0.5,price_compare,5,,2023-09-06 14:35:00
2023-09-07 14:50:00,-0.06822089353902949,2.2759882760703074,16,600,2.0,0.5,ma_compare,5,2.0,2023-09-07 14:50:00
2023-09-08 15:05:00,-0.05804859152960966,2.1321561317611146,16,600,2.0,0.5,ma_compare,5,2.0,2023-09-08 15:05:00
2023-09-12 09:35:00,-0.06266748080953893,2.125530249034723,16,600,2.0,0.5,ma_compare,5,2.0,2023-09-12 09:35:00
2023-09-13 09:50:00,-0.06482221002895248,1.945493828629257,16,600,2.0,0.5,ma_compare,5,2.0,2023-09-13 09:50:00
2023-09-14 10:05:00,-0.06051117401162367,2.0018752025683737,16,600,2.0,0.5,price_compare,5,,2023-09-14 10:05:00
2023-09-15 10:20:00,-0.07811611017905122,2.367600496007226,20,800,2.0,0.5,price_compare,5,,2023-09-15 10:20:00
2023-09-18 10:35:00,-0.0932381592950565,2.73636343195449,20,800,2.0,0.5,price_compare,5,,2023-09-18 10:35:00
2023-09-19 10:50:00,-0.10785185579089575,2.8089032709465793,20,800,2.0,0.5,price_compare,5,,2023-09-19 10:50:00
2023-09-20 11:05:00,-0.1012070574530657,2.5899370650721734,20,800,2.0,0.5,price_compare,5,,2023-09-20 11:05:00
2023-09-21 11:20:00,-0.10709254393657884,2.3235124356262937,20,800,2.0,0.5,price_compare,5,,2023-09-21 11:20:00
2023-09-22 13:05:00,-0.09704756307467471,2.251013343805817,20,800,2.0,0.5,price_compare,5,,2023-09-22 13:05:00
2023-09-25 13:20:00,-0.10081783084816998,2.344814861640787,20,800,2.0,0.5,price_compare,5,,2023-09-25 13:20:00
2023-09-26 13:35:00,-0.08077566032330608,2.5259777190435293,20,800,2.0,0.5,price_compare,5,,2023-09-26 13:35:00
2023-09-27 13:50:00,-0.07954354608609754,2.34994507966629,20,800,2.0,0.5,price_compare,5,,2023-09-27 13:50:00
2023-09-28 14:05:00,-0.06033137996655713,2.428081545753488,20,800,2.0,0.5,price_compare,5,,2023-09-28 14:05:00
2023-10-09 14:20:00,-0.04202413325520046,2.3672263167717387,20,800,2.0,0.5,price_compare,5,,2023-10-09 14:20:00
2023-10-10 14:35:00,-0.010670108091709,2.0258739577625455,20,800,2.0,0.5,price_compare,5,,2023-10-10 14:35:00
2023-10-11 14:50:00,-0.00417001324866403,2.4268411293705294,20,800,2.0,0.5,price_compare,5,,2023-10-11 14:50:00
2023-10-12 15:05:00,0.0052687654504802225,2.236217204605312,20,800,2.0,0.5,price_compare,5,,2023-10-12 15:05:00
2023-10-16 09:35:00,0.004653269076812874,1.9177903972715962,20,800,2.0,0.5,price_compare,5,,2023-10-16 09:35:00
2023-10-17 09:50:00,0.018193991957439197,2.143687468931823,20,800,2.0,0.5,price_compare,5,,2023-10-17 09:50:00
2023-10-18 10:05:00,0.019404001610249095,1.9917252548080118,20,800,2.0,0.5,price_compare,5,,2023-10-18 10:05:00
2023-10-19 10:20:00,0.014191724408500726,2.238169566601268,20,800,2.0,0.5,price_compare,5,,2023-10-19 10:20:00
2023-10-20 10:35:00,0.024191011230423887,2.510735222891535,16,600,2.0,0.5,price_compare,5,,2023-10-20 10:35:00
2023-10-23 10:50:00,0.03289049152207578,1.7805367254818338,20,800,2.0,0.5,price_compare,5,,2023-10-23 10:50:00
2023-10-24 11:05:00,0.0509299301108301,1.8798933826061746,20,800,2.0,0.3,ma_compare,5,2.0,2023-10-24 11:05:00
2023-10-25 11:20:00,0.07082045792704629,2.539482035279303,20,800,2.0,0.5,price_compare,5,,2023-10-25 11:20:00
2023-10-26 13:05:00,0.06264291885806753,3.353108029905025,20,800,2.0,0.5,price_compare,5,,2023-10-26 13:05:00
2023-10-27 13:20:00,0.06328221470484713,3.135255558360891,20,800,2.0,0.5,price_compare,5,,2023-10-27 13:20:00
2023-10-30 13:35:00,0.08059429879883233,2.9703731551863397,20,800,2.0,0.5,price_compare,5,,2023-10-30 13:35:00
2023-10-31 13:50:00,0.08445117706622694,3.380279642313387,20,800,2.0,0.5,price_compare,5,,2023-10-31 13:50:00
2023-11-01 14:05:00,0.07396512093238271,3.681338513199816,20,800,2.0,0.5,price_compare,5,,2023-11-01 14:05:00
2023-11-02 14:20:00,0.06167827905674589,3.7876911043978243,20,800,2.0,0.5,price_compare,5,,2023-11-02 14:20:00
2023-11-03 14:35:00,0.05278108369431777,3.777202930062135,20,800,2.0,0.5,price_compare,5,,2023-11-03 14:35:00
2023-11-06 14:50:00,0.05967813787848333,3.497029820456034,16,600,2.0,0.5,price_compare,5,,2023-11-06 14:50:00
2023-11-07 15:05:00,0.06469910878529578,3.572084541000495,20,800,2.0,0.5,price_compare,5,,2023-11-07 15:05:00
2023-11-09 09:35:00,0.058312037356702755,3.710673813557262,20,800,2.0,0.5,price_compare,5,,2023-11-09 09:35:00
2023-11-10 09:50:00,0.05957065856637972,3.5041641038017035,16,600,2.0,0.5,price_compare,5,,2023-11-10 09:50:00
2023-11-13 10:05:00,0.058806869475217696,3.6752890403590044,16,600,2.0,0.5,price_compare,5,,2023-11-13 10:05:00
2023-11-14 10:20:00,0.055525024032058445,3.463588292916672,16,600,2.0,0.5,price_compare,5,,2023-11-14 10:20:00
2023-11-15 10:35:00,0.056320951080368935,3.275917560702386,16,600,2.0,0.5,price_compare,5,,2023-11-15 10:35:00
2023-11-16 10:50:00,0.05834496209184338,3.507253665804013,16,600,2.0,0.5,price_compare,5,,2023-11-16 10:50:00
2023-11-17 11:05:00,0.0608857252110625,3.5213403928153713,16,600,2.0,0.5,price_compare,5,,2023-11-17 11:05:00
2023-11-20 11:20:00,0.058614551854168584,3.7302605105991757,20,800,2.0,0.5,price_compare,5,,2023-11-20 11:20:00
2023-11-21 13:05:00,0.05786308471874574,3.5676646457016186,20,800,2.0,0.5,price_compare,5,,2023-11-21 13:05:00
2023-11-22 13:20:00,0.05404018558255472,4.146124766396898,20,800,2.0,0.5,price_compare,5,,2023-11-22 13:20:00
2023-11-23 13:35:00,0.04648910657574794,4.373604054501923,16,600,2.0,0.5,price_compare,5,,2023-11-23 13:35:00
2023-11-24 13:50:00,0.06926418275901515,4.3506562426456155,20,800,2.0,0.5,price_compare,5,,2023-11-24 13:50:00
2023-11-27 14:05:00,0.07693926320125455,3.9332218379997497,20,800,2.0,0.5,price_compare,5,,2023-11-27 14:05:00
2023-11-28 14:20:00,0.06486972150467932,3.940055683006563,20,800,2.0,0.5,price_compare,5,,2023-11-28 14:20:00
2023-11-29 14:35:00,0.08088153094813011,4.224138112890058,16,600,2.0,0.5,price_compare,5,,2023-11-29 14:35:00
2023-11-30 14:50:00,0.07525299753003657,4.205488783143414,16,600,2.0,0.5,price_compare,5,,2023-11-30 14:50:00
2023-12-01 15:05:00,0.06317740068713314,4.60132383830802,16,600,2.0,0.5,price_compare,5,,2023-12-01 15:05:00
2023-12-05 09:35:00,0.07839699933984358,4.402282694102424,16,600,2.0,0.5,price_compare,5,,2023-12-05 09:35:00
2023-12-06 09:50:00,0.09019037751248414,4.486942699686265,16,600,2.0,0.5,price_compare,5,,2023-12-06 09:50:00
2023-12-07 10:05:00,0.08585456117126818,4.570365866481419,16,600,2.0,0.5,price_compare,5,,2023-12-07 10:05:00
2023-12-08 10:20:00,0.07662269950478386,4.076464854817364,16,600,2.0,0.5,price_compare,5,,2023-12-08 10:20:00
2023-12-11 10:35:00,0.06888949490606923,4.281748808770262,16,600,2.0,0.5,price_compare,5,,2023-12-11 10:35:00
2023-12-12 10:50:00,0.0733253735410828,4.378125770015364,16,600,2.0,0.5,price_compare,5,,2023-12-12 10:50:00
2023-12-13 11:05:00,0.058295314774200545,4.111264840050731,16,600,2.0,0.5,price_compare,5,,2023-12-13 11:05:00
2023-12-14 11:20:00,0.04912513485536717,4.244966473510939,16,600,2.0,0.5,price_compare,5,,2023-12-14 11:20:00
2023-12-15 13:05:00,0.054694370368923405,3.747849112961792,16,600,2.0,0.5,price_compare,5,,2023-12-15 13:05:00
2023-12-18 13:20:00,0.05423992547786453,3.904293302927976,16,600,2.0,0.5,price_compare,5,,2023-12-18 13:20:00
2023-12-19 13:35:00,0.05391977133715698,4.129814488629612,16,600,2.0,0.5,price_compare,5,,2023-12-19 13:35:00
2023-12-20 13:50:00,0.0543323688917259,3.992336915798396,16,600,2.0,0.5,price_compare,5,,2023-12-20 13:50:00
2023-12-21 14:05:00,0.06745261547425752,4.168842844998136,16,600,2.0,0.5,price_compare,5,,2023-12-21 14:05:00
2023-12-22 14:20:00,0.07119475035567228,4.663898634254099,16,600,2.0,0.5,price_compare,5,,2023-12-22 14:20:00
2023-12-25 14:35:00,0.07206178012320741,4.490727479853514,16,600,2.0,0.5,price_compare,5,,2023-12-25 14:35:00
2023-12-26 14:50:00,0.060125643639319125,4.7124914216263765,16,600,2.0,0.5,price_compare,5,,2023-12-26 14:50:00
2023-12-27 15:05:00,0.05447844663423039,4.77959755141872,16,600,2.0,0.5,price_compare,5,,2023-12-27 15:05:00
2023-12-29 09:35:00,0.05141697471102633,4.478151367163646,16,600,2.0,0.5,price_compare,5,,2023-12-29 09:35:00
2024-01-02 09:50:00,0.019037819968546654,4.308387958033962,16,600,2.0,0.5,price_compare,5,,2024-01-02 09:50:00
2024-01-03 10:05:00,0.02782695135130015,4.736725827536225,16,600,2.0,0.5,price_compare,5,,2024-01-03 10:05:00
2024-01-04 10:20:00,0.0050737787143262155,4.261109353012121,16,600,2.0,0.5,price_compare,5,,2024-01-04 10:20:00
2024-01-05 10:35:00,-0.0016442962127611626,4.041044236803005,16,600,2.0,0.5,price_compare,5,,2024-01-05 10:35:00
2024-01-08 10:50:00,-0.030168430207212958,4.5179555288801705,16,600,2.0,0.5,price_compare,5,,2024-01-08 10:50:00
2024-01-09 11:05:00,-0.03103809909272622,4.3801033296290335,16,600,2.0,0.5,price_compare,5,,2024-01-09 11:05:00
2024-01-10 11:20:00,-0.049064265921774916,4.690818285500101,16,600,2.0,0.5,price_compare,5,,2024-01-10 11:20:00
2024-01-11 13:05:00,-0.03999001651205958,4.3129721548709306,16,600,2.0,0.5,price_compare,5,,2024-01-11 13:05:00
2024-01-12 13:20:00,-0.04003652293727814,4.748053480273524,16,600,2.0,0.5,price_compare,5,,2024-01-12 13:20:00
2024-01-15 13:35:00,-0.0450015018245674,4.765764874983606,16,600,2.0,0.5,price_compare,5,,2024-01-15 13:35:00
2024-01-16 13:50:00,-0.03928853160216672,5.342096935316813,16,600,2.0,0.5,price_compare,5,,2024-01-16 13:50:00
2024-01-17 14:05:00,-0.07418429772920442,5.511597813392519,16,600,2.0,0.5,price_compare,5,,2024-01-17 14:05:00
2024-01-18 14:20:00,-0.07450696362389614,4.845877307899418,16,600,2.0,0.5,price_compare,5,,2024-01-18 14:20:00
2024-01-19 14:35:00,-0.08855072162019294,5.313279783150951,16,600,2.0,0.5,price_compare,5,,2024-01-19 14:35:00
2024-01-22 14:50:00,-0.10896361423011643,5.453151766530718,16,600,2.0,0.5,price_compare,5,,2024-01-22 14:50:00
2024-01-23 15:05:00,-0.10644440253559431,4.98458685489949,16,600,2.0,0.5,price_compare,5,,2024-01-23 15:05:00
2024-01-25 09:35:00,-0.11356986975457298,5.066230242811541,16,600,2.0,0.5,price_compare,5,,2024-01-25 09:35:00
2024-01-26 09:50:00,-0.11054525207214798,4.885283082044544,16,600,2.0,0.5,price_compare,5,,2024-01-26 09:50:00
2024-01-29 10:05:00,-0.11855898647327837,4.816065355515551,16,600,2.0,0.5,price_compare,5,,2024-01-29 10:05:00
2024-01-30 10:20:00,-0.11919179457557702,5.362794776130169,16,600,2.0,0.5,price_compare,5,,2024-01-30 10:20:00
2024-01-31 10:35:00,-0.12066095295151094,5.419925546014134,16,600,2.0,0.5,price_compare,5,,2024-01-31 10:35:00
2024-02-01 10:50:00,-0.1226036265153894,5.442290285967229,16,600,2.0,0.5,price_compare,5,,2024-02-01 10:50:00
2024-02-02 11:05:00,-0.11897078771413043,5.241918970836228,16,600,2.0,0.5,price_compare,5,,2024-02-02 11:05:00
2024-02-05 11:20:00,-0.12535334414692564,5.4199934582536535,16,600,2.0,0.5,price_compare,5,,2024-02-05 11:20:00
2024-02-06 13:05:00,-0.1228471307808455,5.284467877620424,16,600,2.0,0.5,price_compare,5,,2024-02-06 13:05:00
2024-02-07 13:20:00,-0.10850366503599382,5.0478475238575555,16,600,2.0,0.5,price_compare,5,,2024-02-07 13:20:00
2024-02-08 13:35:00,-0.11592169028435549,5.255757429506997,16,600,2.0,0.5,price_compare,5,,2024-02-08 13:35:00
2024-02-19 13:50:00,-0.12135576248202688,5.122236916199439,16,600,2.0,0.5,price_compare,5,,2024-02-19 13:50:00
2024-02-20 14:05:00,-0.12638031709091507,5.269593790823037,16,600,2.0,0.5,price_compare,5,,2024-02-20 14:05:00
2024-02-21 14:20:00,-0.12996020771818145,5.847736265675053,16,600,2.0,0.5,price_compare,5,,2024-02-21 14:20:00
2024-02-22 14:35:00,-0.14181930234141976,6.0537117887116905,16,600,2.0,0.5,price_compare,5,,2024-02-22 14:35:00
2024-02-23 14:50:00,-0.1526939201828541,5.78064395323164,16,600,2.0,0.5,price_compare,5,,2024-02-23 14:50:00
2024-02-26 15:05:00,-0.15264873056906963,5.784453065098688,16,600,2.0,0.5,price_compare,5,,2024-02-26 15:05:00
2024-02-28 09:35:00,-0.15755394903253095,5.567527801099691,16,600,2.0,0.5,price_compare,5,,2024-02-28 09:35:00
2024-02-29 09:50:00,-0.15995119008582062,6.13411093034304,16,600,2.0,0.5,price_compare,5,,2024-02-29 09:50:00
2024-03-01 10:05:00,-0.16358449411033527,5.188220738474868,16,600,2.0,0.5,price_compare,5,,2024-03-01 10:05:00
2024-03-04 10:20:00,-0.15410323470618603,4.758151353710967,16,600,2.0,0.5,price_compare,5,,2024-03-04 10:20:00
2024-03-05 10:35:00,-0.1532693682682152,4.377578999704786,16,600,2.0,0.5,price_compare,5,,2024-03-05 10:35:00
2024-03-06 10:50:00,-0.16853235924837878,4.236380770825961,16,600,2.0,0.5,price_compare,5,,2024-03-06 10:50:00
2024-03-07 11:05:00,-0.18070310022680652,3.9773035002642003,16,600,2.0,0.5,price_compare,5,,2024-03-07 11:05:00
2024-03-08 11:20:00,-0.1908756943355424,3.6696662835267655,16,600,2.0,0.5,price_compare,5,,2024-03-08 11:20:00
2024-03-11 13:05:00,-0.20500240654415292,4.116547617937599,16,600,2.0,0.5,price_compare,5,,2024-03-11 13:05:00
2024-03-12 13:20:00,-0.1976875323360915,3.8134806009030178,16,600,2.0,0.5,price_compare,5,,2024-03-12 13:20:00
2024-03-13 13:35:00,-0.1794283270145045,4.2142003335230465,16,600,2.0,0.5,price_compare,5,,2024-03-13 13:35:00
2024-03-14 13:50:00,-0.17053166216317028,3.5918991619201055,16,600,2.0,0.5,price_compare,5,,2024-03-14 13:50:00
2024-03-15 14:05:00,-0.17774046549722292,3.416870754296645,16,600,2.0,0.5,price_compare,5,,2024-03-15 14:05:00
2024-03-18 14:20:00,-0.18318069976504056,4.132566186517717,16,600,2.0,0.5,price_compare,5,,2024-03-18 14:20:00
2024-03-19 14:35:00,-0.19101349364798645,3.9673933641574024,16,600,2.0,0.5,price_compare,5,,2024-03-19 14:35:00
2024-03-20 14:50:00,-0.1874321589957928,4.010044601390261,16,600,2.0,0.5,price_compare,5,,2024-03-20 14:50:00
2024-03-21 15:05:00,-0.18561924636789628,4.119073249189576,16,600,2.0,0.5,price_compare,5,,2024-03-21 15:05:00
2024-03-25 09:35:00,-0.19519151375994107,4.754487739812482,16,600,2.0,0.5,price_compare,5,,2024-03-25 09:35:00
2024-03-26 09:50:00,-0.1790932084710382,4.208602616857982,16,600,2.0,0.5,price_compare,5,,2024-03-26 09:50:00
2024-03-27 10:05:00,-0.1829198306695213,4.1064463570276954,16,600,2.0,0.5,price_compare,5,,2024-03-27 10:05:00
2024-03-28 10:20:00,-0.18662402151967353,3.974561096406854,16,600,2.0,0.5,price_compare,5,,2024-03-28 10:20:00
2024-03-29 10:35:00,-0.18988360196528406,4.037650125288934,16,600,2.0,0.5,price_compare,5,,2024-03-29 10:35:00
2024-04-01 10:50:00,-0.18861295505901415,4.106092216517355,16,600,2.0,0.5,price_compare,5,,2024-04-01 10:50:00
2024-04-02 11:05:00,-0.1856209760825097,3.9115715650165592,16,600,2.0,0.5,price_compare,5,,2024-04-02 11:05:00
2024-04-03 11:20:00,-0.17124825490197307,3.6030828451956616,16,600,2.0,0.5,price_compare,5,,2024-04-03 11:20:00
2024-04-08 13:05:00,-0.17388477689421428,3.4630290601379348,16,600,2.0,0.5,price_compare,5,,2024-04-08 13:05:00
2024-04-09 13:20:00,-0.17461170011175545,3.956874089806932,16,600,2.0,0.5,price_compare,5,,2024-04-09 13:20:00
2024-04-10 13:35:00,-0.16825567821884144,3.7424858366527975,16,600,2.0,0.5,price_compare,5,,2024-04-10 13:35:00
2024-04-11 13:50:00,-0.16125554992428026,3.538703466790906,16,600,2.0,0.5,price_compare,5,,2024-04-11 13:50:00
2024-04-12 14:05:00,-0.15501910802712937,3.2044023068492273,20,800,2.0,0.5,price_compare,5,,2024-04-12 14:05:00
2024-04-15 14:20:00,-0.13834939138067492,3.506953905166639,20,800,2.0,0.5,price_compare,5,,2024-04-15 14:20:00
2024-04-16 14:35:00,-0.14014744320797642,3.53630592676587,20,800,2.0,0.5,price_compare,5,,2024-04-16 14:35:00
2024-04-17 14:50:00,-0.13265528262458132,3.459445092516713,20,800,2.0,0.5,price_compare,5,,2024-04-17 14:50:00
2024-04-18 15:05:00,-0.13947756220070107,3.7246004023104153,20,800,2.0,0.5,price_compare,5,,2024-04-18 15:05:00
2024-04-22 09:35:00,-0.15775574203333131,3.7669199746045914,20,800,2.0,0.5,price_compare,5,,2024-04-22 09:35:00
2024-04-23 09:50:00,-0.14651298293972798,3.7934299544851298,20,800,2.0,0.5,price_compare,5,,2024-04-23 09:50:00
2024-04-24 10:05:00,-0.17130234307089434,3.8767228691091002,16,600,2.0,0.5,price_compare,5,,2024-04-24 10:05:00
2024-04-25 10:20:00,-0.1757518660607727,3.4506355824986295,20,800,2.0,0.5,price_compare,5,,2024-04-25 10:20:00
2024-04-26 10:35:00,-0.18304065787993004,3.7785209104045814,16,600,2.0,0.5,price_compare,5,,2024-04-26 10:35:00
2024-04-29 10:50:00,-0.18556350228458915,4.906107257951083,16,600,2.0,0.5,price_compare,5,,2024-04-29 10:50:00
2024-04-30 11:05:00,-0.18355124888327215,4.178666783496544,16,600,2.0,0.5,price_compare,5,,2024-04-30 11:05:00
2024-05-06 11:20:00,-0.17441584600067508,4.024574568632952,16,600,2.0,0.5,price_compare,5,,2024-05-06 11:20:00
2024-05-07 13:05:00,-0.17815946664036503,3.6804513030129775,16,600,2.0,0.5,price_compare,5,,2024-05-07 13:05:00
2024-05-08 13:20:00,-0.18443150937158254,3.188964617370315,16,600,2.0,0.5,price_compare,5,,2024-05-08 13:20:00
2024-05-09 13:35:00,-0.17402488777781785,2.894960427893053,20,800,2.0,0.5,price_compare,5,,2024-05-09 13:35:00
2024-05-10 13:50:00,-0.1735951211623105,3.1344680654761166,16,600,2.0,0.5,price_compare,5,,2024-05-10 13:50:00
2024-05-13 14:05:00,-0.178574543227732,3.2366693464090357,16,600,2.0,0.5,price_compare,5,,2024-05-13 14:05:00
2024-05-14 14:20:00,-0.1710308206234268,3.5867248732623795,16,600,2.0,0.5,price_compare,5,,2024-05-14 14:20:00
2024-05-15 14:35:00,-0.17952235155371193,3.110143107778589,16,600,2.0,0.5,price_compare,5,,2024-05-15 14:35:00
2024-05-16 14:50:00,-0.15780315554511856,3.266557177344908,16,600,2.0,0.5,price_compare,5,,2024-05-16 14:50:00
2024-05-17 15:05:00,-0.13039104860322245,3.5403413907750476,16,600,2.0,0.5,price_compare,5,,2024-05-17 15:05:00
2024-05-21 09:35:00,-0.13833687540006415,3.3270177716543543,16,600,2.0,0.5,price_compare,5,,2024-05-21 09:35:00
2024-05-22 09:50:00,-0.10983517917043349,2.81808548442318,20,800,2.0,0.5,price_compare,5,,2024-05-22 09:50:00
2024-05-23 10:05:00,-0.10932102266678399,3.296537128271216,16,600,2.0,0.5,price_compare,5,,2024-05-23 10:05:00
2024-05-24 10:20:00,-0.10969044100379259,3.1363777288155683,16,600,2.0,0.5,price_compare,5,,2024-05-24 10:20:00
2024-05-27 10:35:00,-0.10731303112195145,2.9492162056067612,16,600,2.0,0.5,price_compare,5,,2024-05-27 10:35:00
2024-05-28 10:50:00,-0.09767286161228446,2.965909275022839,16,600,2.0,0.5,price_compare,5,,2024-05-28 10:50:00
2024-05-29 11:05:00,-0.06738759272597743,3.2496875202995184,16,600,2.0,0.5,price_compare,5,,2024-05-29 11:05:00
2024-05-30 11:20:00,-0.0642281260069865,3.009752177453214,16,600,2.0,0.5,price_compare,5,,2024-05-30 11:20:00
2024-05-31 13:05:00,-0.05446630243533884,3.192887503172941,20,800,2.0,0.5,price_compare,5,,2024-05-31 13:05:00
2024-06-03 13:20:00,-0.047118463364703135,3.6663818515227455,20,800,2.0,0.5,price_compare,5,,2024-06-03 13:20:00
2024-06-04 13:35:00,-0.046688920728209946,3.754161190316061,20,800,2.0,0.5,price_compare,5,,2024-06-04 13:35:00
2024-06-05 13:50:00,-0.04197827680429186,3.546049688947063,20,800,2.0,0.5,price_compare,5,,2024-06-05 13:50:00
2024-06-06 14:05:00,-0.03897708530293616,4.251491490480293,16,600,2.0,0.5,price_compare,5,,2024-06-06 14:05:00
2024-06-07 14:20:00,-0.03411165191757516,4.298565075145458,16,600,2.0,0.5,price_compare,5,,2024-06-07 14:20:00
2024-06-11 14:35:00,-0.01775213791016083,3.852686751982013,20,800,2.0,0.5,price_compare,5,,2024-06-11 14:35:00
2024-06-12 14:50:00,-0.005752736882315184,3.3603528309862694,20,800,2.0,0.5,price_compare,5,,2024-06-12 14:50:00
2024-06-13 15:05:00,-0.007828253695868783,3.6323021159592996,20,800,2.0,0.5,price_compare,5,,2024-06-13 15:05:00
2024-06-17 09:35:00,-0.013014590641249704,3.70353311254283,20,800,2.0,0.5,price_compare,5,,2024-06-17 09:35:00
2024-06-18 09:50:00,-0.032732542705644026,3.2014162185774326,20,800,2.0,0.5,price_compare,5,,2024-06-18 09:50:00
2024-06-19 10:05:00,-0.03947678128330421,3.352653955492962,20,800,2.0,0.5,price_compare,5,,2024-06-19 10:05:00
2024-06-20 10:20:00,-0.03972329738993437,3.6756188772229814,16,600,2.0,0.5,price_compare,5,,2024-06-20 10:20:00
2024-06-21 10:35:00,-0.05225684812358501,3.3945622698016367,16,600,2.0,0.5,price_compare,5,,2024-06-21 10:35:00
2024-06-24 10:50:00,-0.04234720006973698,3.477407936644002,16,600,2.0,0.5,price_compare,5,,2024-06-24 10:50:00
2024-06-25 11:05:00,-0.04165497851687687,3.428589196474215,16,600,2.0,0.5,price_compare,5,,2024-06-25 11:05:00
2024-06-26 11:20:00,-0.033272159354599186,3.4580487342030555,16,600,2.0,0.5,price_compare,5,,2024-06-26 11:20:00
2024-06-27 13:05:00,-0.023721708182770893,3.640600337367091,16,600,2.0,0.5,price_compare,5,,2024-06-27 13:05:00
2024-06-28 13:20:00,-0.03114112455050932,3.5673152080336576,16,600,2.0,0.5,price_compare,5,,2024-06-28 13:20:00
2024-07-01 13:35:00,-0.028101644191459236,4.288686746610962,16,600,2.0,0.5,price_compare,5,,2024-07-01 13:35:00
2024-07-02 13:50:00,-0.022683548883876494,4.191352281747825,16,600,2.0,0.5,price_compare,5,,2024-07-02 13:50:00
2024-07-03 14:05:00,-0.024206802742061443,4.848180557547795,16,600,2.0,0.5,price_compare,5,,2024-07-03 14:05:00
2024-07-04 14:20:00,-0.026118333237722745,4.748166361420257,16,600,2.0,0.5,price_compare,5,,2024-07-04 14:20:00
2024-07-05 14:35:00,-0.014063319191105766,4.569021060990782,16,600,2.0,0.5,price_compare,5,,2024-07-05 14:35:00
2024-07-08 14:50:00,-0.04117418155276661,4.953134224470626,16,600,2.0,0.5,price_compare,5,,2024-07-08 14:50:00
2024-07-09 15:05:00,-0.02492496381633198,4.50996578697726,16,600,2.0,0.5,price_compare,5,,2024-07-09 15:05:00
2024-07-11 09:35:00,-0.006983601239097078,4.369144555423692,16,600,2.0,0.5,price_compare,5,,2024-07-11 09:35:00
2024-07-12 09:50:00,-0.01953577655887251,4.345351610917182,16,600,2.0,0.5,price_compare,5,,2024-07-12 09:50:00
2024-07-15 10:05:00,-0.019368156628246706,4.699907685044772,16,600,2.0,0.5,price_compare,5,,2024-07-15 10:05:00
2024-07-16 10:20:00,-0.02465186425143131,4.677413831783992,16,600,2.0,0.5,price_compare,5,,2024-07-16 10:20:00
2024-07-17 10:35:00,-0.026746737514141906,4.6300526751007975,16,600,2.0,0.5,price_compare,5,,2024-07-17 10:35:00
2024-07-18 10:50:00,-0.03176255320560548,4.512215568928693,16,600,2.0,0.5,price_compare,5,,2024-07-18 10:50:00
2024-07-19 11:05:00,-0.021514512567656345,4.144304030969478,16,600,2.0,0.5,price_compare,5,,2024-07-19 11:05:00
2024-07-22 11:20:00,-0.022399048554440693,4.512433268490773,16,600,2.0,0.5,price_compare,5,,2024-07-22 11:20:00
2024-07-23 13:05:00,1.4264122820308055e-05,5.147184368961374,16,600,2.0,0.5,price_compare,5,,2024-07-23 13:05:00
2024-07-24 13:20:00,0.005202805539512791,5.063899909810688,16,600,2.0,0.5,price_compare,5,,2024-07-24 13:20:00
2024-07-25 13:35:00,0.02206309421906841,4.298626648286023,16,600,2.0,0.5,price_compare,5,,2024-07-25 13:35:00
2024-07-26 13:50:00,0.03316800906508817,4.677260206695713,16,600,2.0,0.5,price_compare,5,,2024-07-26 13:50:00
2024-07-29 14:05:00,0.025316258324876193,4.968553861766612,16,600,2.0,0.5,price_compare,5,,2024-07-29 14:05:00
2024-07-30 14:20:00,0.03586737846746659,5.617750693656702,16,600,2.0,0.5,price_compare,5,,2024-07-30 14:20:00
2024-07-31 14:35:00,0.03791333931989763,5.523778813008537,16,600,2.0,0.5,price_compare,5,,2024-07-31 14:35:00
2024-08-01 14:50:00,0.024604491728528754,4.553028865431801,20,800,2.0,0.5,price_compare,5,,2024-08-01 14:50:00
2024-08-02 15:05:00,0.029932160062290398,5.935898902798214,16,600,2.0,0.5,price_compare,5,,2024-08-02 15:05:00
2024-08-06 09:35:00,0.022164790176169485,6.22542471818898,16,600,2.0,0.5,price_compare,5,,2024-08-06 09:35:00
2024-08-07 09:50:00,0.004796666038250914,5.419540734729718,16,600,2.0,0.5,price_compare,5,,2024-08-07 09:50:00
2024-08-08 10:05:00,0.000485472923328366,4.25968466990001,20,800,2.0,0.5,price_compare,5,,2024-08-08 10:05:00
2024-08-09 10:20:00,0.0077030858922055,4.5568311729297255,20,800,2.0,0.5,price_compare,5,,2024-08-09 10:20:00
2024-08-12 10:35:00,0.012544073062782423,4.7691662552128795,20,800,2.0,0.5,price_compare,5,,2024-08-12 10:35:00
2024-08-13 10:50:00,0.03159277107577035,4.512340795371109,20,800,2.0,0.5,price_compare,5,,2024-08-13 10:50:00
2024-08-14 11:05:00,0.020224830041707092,3.8064345687062118,20,800,2.0,0.5,price_compare,5,,2024-08-14 11:05:00
2024-08-15 11:20:00,-0.004256678951136588,5.362009093391924,16,600,2.0,0.5,price_compare,5,,2024-08-15 11:20:00
2024-08-16 13:05:00,-0.0013764889858144985,5.210481794783193,16,600,2.0,0.5,price_compare,5,,2024-08-16 13:05:00
2024-08-19 13:20:00,-0.02615586569820198,5.356738107701765,16,600,2.0,0.5,price_compare,5,,2024-08-19 13:20:00
2024-08-20 13:35:00,-0.02301695019133811,3.947025319008085,20,800,2.0,0.5,price_compare,5,,2024-08-20 13:35:00
2024-08-21 13:50:00,-0.016031023223594197,4.755346379965642,16,600,2.0,0.5,price_compare,5,,2024-08-21 13:50:00
2024-08-22 14:05:00,-0.012584837551789529,3.096381352444855,20,800,2.0,0.5,price_compare,5,,2024-08-22 14:05:00
2024-08-23 14:20:00,-0.039780897438632966,3.3010578156726895,20,800,2.0,0.5,price_compare,5,,2024-08-23 14:20:00
2024-08-26 14:35:00,-0.0636285379650919,4.65690642235745,16,600,2.0,0.5,price_compare,5,,2024-08-26 14:35:00
2024-08-27 14:50:00,-0.048493631616307396,4.887814288000926,16,600,2.0,0.5,price_compare,5,,2024-08-27 14:50:00
2024-08-28 15:05:00,-0.03653390484806049,4.829509660659,16,600,2.0,0.5,price_compare,5,,2024-08-28 15:05:00
2024-08-30 09:35:00,-0.037891845826195154,4.585438601854438,16,600,2.0,0.5,price_compare,5,,2024-08-30 09:35:00
2024-09-02 09:50:00,-0.030908131586781018,3.909576101295312,16,600,2.0,0.5,price_compare,5,,2024-09-02 09:50:00
2024-09-03 10:05:00,-0.025396954390877934,3.8685655360326394,16,600,2.0,0.5,price_compare,5,,2024-09-03 10:05:00
2024-09-04 10:20:00,-0.027975805892146707,4.161096436988695,16,600,2.0,0.5,price_compare,5,,2024-09-04 10:20:00
2024-09-05 10:35:00,-0.0326615197466054,4.224482596651761,16,600,2.0,0.5,price_compare,5,,2024-09-05 10:35:00
2024-09-06 10:50:00,-0.03742805218034721,4.254226145941979,16,600,2.0,0.5,price_compare,5,,2024-09-06 10:50:00
2024-09-09 11:05:00,-0.05078180635200372,4.434789859912232,16,600,2.0,0.5,price_compare,5,,2024-09-09 11:05:00
2024-09-10 11:20:00,-0.04954860334902316,4.587284460000643,16,600,2.0,0.5,price_compare,5,,2024-09-10 11:20:00
2024-09-11 13:05:00,-0.04009896426612267,4.590184199689534,16,600,2.0,0.5,price_compare,5,,2024-09-11 13:05:00
2024-09-12 13:20:00,-0.04481226666699056,4.609506247826507,16,600,2.0,0.5,price_compare,5,,2024-09-12 13:20:00
2024-09-13 13:35:00,-0.042152742061895884,4.55318670412463,16,600,2.0,0.5,price_compare,5,,2024-09-13 13:35:00
2024-09-18 13:50:00,-0.037326144770377406,4.538863736780383,16,600,2.0,0.5,price_compare,5,,2024-09-18 13:50:00
2024-09-19 14:05:00,-0.021277066045572054,4.495268243574555,16,600,2.0,0.5,price_compare,5,,2024-09-19 14:05:00
2024-09-20 14:20:00,-0.027666418942447882,4.358403114310697,16,600,2.0,0.5,price_compare,5,,2024-09-20 14:20:00
2024-09-23 14:35:00,-0.033230601981194346,4.300727359069447,16,600,2.0,0.5,price_compare,5,,2024-09-23 14:35:00
2024-09-24 14:50:00,-0.0460058623693764,3.967635560660257,16,600,2.0,0.5,price_compare,5,,2024-09-24 14:50:00
2024-09-25 15:05:00,-0.053028070416140466,3.6261330281197144,16,600,2.0,0.5,price_compare,5,,2024-09-25 15:05:00
2024-09-27 09:35:00,-0.06861264266526211,3.5245231929840575,16,600,2.0,0.5,price_compare,5,,2024-09-27 09:35:00
2024-09-30 09:50:00,-0.07911739745064415,4.261257998673838,16,600,2.0,0.5,price_compare,5,,2024-09-30 09:50:00
2024-10-08 10:05:00,-0.07510532444690678,4.092230426661274,16,600,2.0,0.5,price_compare,5,,2024-10-08 10:05:00
2024-10-09 10:20:00,-0.08259169993984886,3.4456806363132646,16,600,2.0,0.5,price_compare,5,,2024-10-09 10:20:00
2024-10-10 10:35:00,-0.0778712437827377,3.4789725961099296,16,600,2.0,0.5,price_compare,5,,2024-10-10 10:35:00
2024-10-11 10:50:00,-0.08642810337545091,3.6423034540376746,16,600,2.0,0.5,price_compare,5,,2024-10-11 10:50:00
2024-10-14 11:05:00,-0.06971385905601031,3.6362104899172443,16,600,2.0,0.5,price_compare,5,,2024-10-14 11:05:00
2024-10-15 11:20:00,-0.07008470258840703,3.4394981547413432,16,600,2.0,0.5,price_compare,5,,2024-10-15 11:20:00
2024-10-16 13:05:00,-0.07097138236516548,3.4871194584148046,16,600,2.0,0.5,price_compare,5,,2024-10-16 13:05:00
2024-10-17 13:20:00,-0.07630620178905871,3.5159341589845097,16,600,2.0,0.5,price_compare,5,,2024-10-17 13:20:00
2024-10-18 13:35:00,-0.07955889406529995,3.5735490895650264,16,600,2.0,0.5,price_compare,5,,2024-10-18 13:35:00
2024-10-21 13:50:00,-0.08714055697181662,3.617811828984393,16,600,2.0,0.5,price_compare,5,,2024-10-21 13:50:00
2024-10-22 14:05:00,-0.08326662824268202,3.4347774549927266,16,600,2.0,0.5,price_compare,5,,2024-10-22 14:05:00
2024-10-23 14:20:00,-0.0742593494346699,3.448791947955857,16,600,2.0,0.5,price_compare,5,,2024-10-23 14:20:00
2024-10-24 14:35:00,-0.07353725972900244,3.246967901955335,16,600,2.0,0.5,price_compare,5,,2024-10-24 14:35:00
2024-10-25 14:50:00,-0.07569474014474548,3.214127212093463,16,600,2.0,0.5,price_compare,5,,2024-10-25 14:50:00
2024-10-28 15:05:00,-0.07454828584565114,3.3050216017660654,16,600,2.0,0.5,price_compare,5,,2024-10-28 15:05:00
2024-10-30 09:35:00,-0.08243288108330668,3.4581316268199385,16,600,2.0,0.5,price_compare,5,,2024-10-30 09:35:00
2024-10-31 09:50:00,-0.08007718891936322,3.383001780264615,16,600,2.0,0.5,price_compare,5,,2024-10-31 09:50:00
2024-11-01 10:05:00,-0.07259389812106551,3.315003732905058,16,600,2.0,0.5,price_compare,5,,2024-11-01 10:05:00
2024-11-04 10:20:00,-0.05176379676199472,3.3861657909347724,16,600,2.0,0.5,price_compare,5,,2024-11-04 10:20:00
2024-11-05 10:35:00,-0.05161842349465757,3.240065207322007,16,600,2.0,0.5,price_compare,5,,2024-11-05 10:35:00
2024-11-06 10:50:00,-0.04646107227621182,3.562183901112831,16,600,2.0,0.5,price_compare,5,,2024-11-06 10:50:00
2024-11-07 11:05:00,-0.034993502405766624,3.759866083469826,16,600,2.0,0.5,price_compare,5,,2024-11-07 11:05:00
2024-11-08 11:20:00,-0.030719777992247406,3.6049895113840065,16,600,2.0,0.5,price_compare,5,,2024-11-08 11:20:00
2024-11-11 13:05:00,-0.024150467867686615,3.6448623363294783,16,600,2.0,0.5,price_compare,5,,2024-11-11 13:05:00
2024-11-12 13:20:00,-0.01641787593986542,3.145639149063553,16,600,2.0,0.5,price_compare,5,,2024-11-12 13:20:00
2024-11-13 13:35:00,-0.010155321480643206,3.246005694280804,16,600,2.0,0.5,price_compare,5,,2024-11-13 13:35:00
2024-11-14 13:50:00,-0.0031091353285252477,3.505826231279643,16,600,2.0,0.5,price_compare,5,,2024-11-14 13:50:00
2024-11-15 14:05:00,-0.010480685580137832,3.4258537980283763,16,600,2.0,0.5,price_compare,5,,2024-11-15 14:05:00
2024-11-18 14:20:00,-0.025381745005781105,3.2246637411760597,16,600,2.0,0.5,price_compare,5,,2024-11-18 14:20:00
2024-11-19 14:35:00,-0.037489276666489935,3.0772402925780726,16,600,2.0,0.5,price_compare,5,,2024-11-19 14:35:00
2024-11-20 14:50:00,-0.03658555625173426,3.488784794410992,16,600,2.0,0.5,price_compare,5,,2024-11-20 14:50:00
2024-11-21 15:05:00,-0.03400891945725786,3.7709377692458643,16,600,2.0,0.5,price_compare,5,,2024-11-21 15:05:00
2024-11-25 09:35:00,-0.0334427192302831,4.197241670654867,16,600,2.0,0.5,price_compare,5,,2024-11-25 09:35:00
2024-11-26 09:50:00,-0.02099927887373895,4.36528434451847,16,600,2.0,0.5,price_compare,5,,2024-11-26 09:50:00
2024-11-27 10:05:00,-0.02250501319199163,4.326824744703555,16,600,2.0,0.5,price_compare,5,,2024-11-27 10:05:00
2024-11-28 10:20:00,-0.023398910509592495,4.15613151089655,16,600,2.0,0.5,price_compare,5,,2024-11-28 10:20:00
2024-11-29 10:35:00,-0.015818448523057155,4.191038969412141,16,600,2.0,0.5,price_compare,5,,2024-11-29 10:35:00
2024-12-02 10:50:00,-0.014315437372023617,4.467478216532252,16,600,2.0,0.5,price_compare,5,,2024-12-02 10:50:00
2024-12-03 11:05:00,-0.040324256188442764,4.312851565700402,16,600,2.0,0.5,price_compare,5,,2024-12-03 11:05:00
2024-12-04 11:20:00,-0.047626426967101586,4.854036004007662,16,600,2.0,0.5,price_compare,5,,2024-12-04 11:20:00
2024-12-05 13:05:00,-0.05985431469257489,4.803254903937877,16,600,2.0,0.5,price_compare,5,,2024-12-05 13:05:00
2024-12-06 13:20:00,-0.06355064310510529,4.6539804644345,16,600,2.0,0.5,price_compare,5,,2024-12-06 13:20:00
2024-12-09 13:35:00,-0.060078154263048245,4.652482119383068,16,600,2.0,0.5,price_compare,5,,2024-12-09 13:35:00
2024-12-10 13:50:00,-0.07085881455696574,5.0779096174270295,16,600,2.0,0.5,price_compare,5,,2024-12-10 13:50:00
2024-12-11 14:05:00,-0.08419860639808319,4.838143447949136,16,600,2.0,0.5,price_compare,5,,2024-12-11 14:05:00
2024-12-12 14:20:00,-0.0659598481442954,4.681225896089529,16,600,2.0,0.5,price_compare,5,,2024-12-12 14:20:00
2024-12-13 14:35:00,-0.07673871610722796,4.999764792738738,16,600,2.0,0.5,price_compare,5,,2024-12-13 14:35:00
2024-12-16 14:50:00,-0.08564613097874171,5.105899092794968,16,600,2.0,0.5,price_compare,5,,2024-12-16 14:50:00
2024-12-17 15:05:00,-0.0881733552355264,4.723932493380466,16,600,2.0,0.5,price_compare,5,,2024-12-17 15:05:00
2024-12-19 09:35:00,-0.0696487829433024,4.163129344370391,16,600,2.0,0.5,price_compare,5,,2024-12-19 09:35:00
2024-12-20 09:50:00,-0.07733333221776836,3.880483367755106,16,600,2.0,0.5,price_compare,5,,2024-12-20 09:50:00
2024-12-23 10:05:00,-0.08703273771243489,4.07551678113614,16,600,2.0,0.5,price_compare,5,,2024-12-23 10:05:00
2024-12-24 10:20:00,-0.09397753897588376,4.369544733329011,16,600,2.0,0.5,price_compare,5,,2024-12-24 10:20:00
2024-12-25 10:35:00,-0.09210241762985327,4.070956733646503,16,600,2.0,0.5,price_compare,5,,2024-12-25 10:35:00
2024-12-26 10:50:00,-0.06872150574706422,4.207035184992975,16,600,2.0,0.5,price_compare,5,,2024-12-26 10:50:00
2024-12-27 11:05:00,-0.05976914291323926,2.7228428427949174,16,600,2.0,0.5,price_compare,5,,2024-12-27 11:05:00
2024-12-30 11:20:00,-0.05716857672518438,2.800572611447005,16,600,2.0,0.5,ma_compare,5,2.0,2024-12-30 11:20:00
2024-12-31 13:05:00,-0.03790867028930137,2.8270036735178143,16,600,2.0,0.3,ma_compare,5,2.0,2024-12-31 13:05:00
2025-01-02 13:20:00,-0.024034339739992257,3.707254220227707,16,600,2.0,0.5,price_compare,5,,2025-01-02 13:20:00
2025-01-03 13:35:00,-0.037265728265281094,3.4258928378669533,16,600,2.0,0.5,price_compare,5,,2025-01-03 13:35:00
2025-01-06 13:50:00,-0.0262405643036997,3.7442963662714344,16,600,2.0,0.5,price_compare,5,,2025-01-06 13:50:00
2025-01-07 14:05:00,-0.02978909635186865,3.586424673839828,16,600,2.0,0.5,price_compare,5,,2025-01-07 14:05:00
2025-01-08 14:20:00,-0.027271136251968697,3.3319527469551105,16,600,2.0,0.5,price_compare,5,,2025-01-08 14:20:00
2025-01-09 14:35:00,-0.026370403943336618,3.61188023010607,16,600,2.0,0.5,price_compare,5,,2025-01-09 14:35:00
2025-01-10 14:50:00,-0.032576688197846045,3.207066030190744,16,600,2.0,0.5,price_compare,5,,2025-01-10 14:50:00
2025-01-13 15:05:00,-0.032446540789980015,3.5551098581272385,16,600,2.0,0.5,price_compare,5,,2025-01-13 15:05:00
2025-01-15 09:35:00,-0.02954554423704424,3.422977847291848,16,600,2.0,0.5,price_compare,5,,2025-01-15 09:35:00
2025-01-16 09:50:00,-0.028824748835008563,2.8490402049595014,16,600,2.0,0.5,price_compare,5,,2025-01-16 09:50:00
2025-01-17 10:05:00,-0.02077456772355576,2.719145335912973,16,600,2.0,0.5,price_compare,5,,2025-01-17 10:05:00
2025-01-20 10:20:00,-0.023704187760238162,2.899469276527312,16,600,2.0,0.5,price_compare,5,,2025-01-20 10:20:00
2025-01-21 10:35:00,-0.033203788550058,3.0218631810862977,16,600,2.0,0.5,price_compare,5,,2025-01-21 10:35:00
2025-01-22 10:50:00,-0.045041388696356766,2.9265947124183276,16,600,2.0,0.5,price_compare,5,,2025-01-22 10:50:00
2025-01-23 11:05:00,-0.04696136517933098,2.6950715309140465,16,600,2.0,0.5,price_compare,5,,2025-01-23 11:05:00
2025-01-24 11:20:00,-0.05406946438392596,3.309566661797802,16,600,2.0,0.5,price_compare,5,,2025-01-24 11:20:00
2025-01-27 13:05:00,-0.04767010716313497,2.7708101706057358,16,600,2.0,0.5,price_compare,5,,2025-01-27 13:05:00
2025-02-05 13:20:00,-0.04096994878666029,2.457748933796301,16,600,2.0,0.5,price_compare,5,,2025-02-05 13:20:00
2025-02-06 13:35:00,-0.04547149946937269,2.414146530336036,16,600,2.0,0.5,price_compare,5,,2025-02-06 13:35:00
2025-02-07 13:50:00,-0.05591648135135147,2.33166200049695,16,600,2.0,0.5,price_compare,5,,2025-02-07 13:50:00
2025-02-10 14:05:00,-0.05545730445553108,1.9500229773357625,16,600,2.0,0.5,price_compare,5,,2025-02-10 14:05:00
2025-02-11 14:20:00,-0.058007971769446914,1.9263727603114,16,600,2.0,0.5,price_compare,5,,2025-02-11 14:20:00
2025-02-12 14:35:00,-0.05928378813717282,1.8419058108780404,16,600,2.0,0.5,price_compare,5,,2025-02-12 14:35:00
2025-02-13 14:50:00,-0.062267966030475026,1.763271634973693,16,600,2.0,0.5,price_compare,5,,2025-02-13 14:50:00
2025-02-14 15:05:00,-0.05970740120624982,2.2339317000872554,16,600,2.0,0.5,price_compare,5,,2025-02-14 15:05:00
2025-02-18 09:35:00,-0.07239825114592159,2.3692661127078716,16,600,2.0,0.5,price_compare,5,,2025-02-18 09:35:00
2025-02-19 09:50:00,-0.06470110663488657,2.5846898499514683,16,600,2.0,0.5,price_compare,5,,2025-02-19 09:50:00
2025-02-20 10:05:00,-0.06607741113141281,2.4850546047140827,16,600,2.0,0.5,price_compare,5,,2025-02-20 10:05:00
2025-02-21 10:20:00,-0.06924020462634678,2.6883786355749857,16,600,2.0,0.5,price_compare,5,,2025-02-21 10:20:00
2025-02-24 10:35:00,-0.07136988411841771,2.998122928307465,16,600,2.0,0.5,price_compare,5,,2025-02-24 10:35:00
2025-02-25 10:50:00,-0.07718111968662855,2.9652051913914343,16,600,2.0,0.5,price_compare,5,,2025-02-25 10:50:00
2025-02-26 11:05:00,-0.070892564343845,2.7677885993750717,16,600,2.0,0.5,price_compare,5,,2025-02-26 11:05:00
2025-02-27 11:20:00,-0.058764571770031596,2.4845385336941366,16,600,2.0,0.5,price_compare,5,,2025-02-27 11:20:00
2025-02-28 13:05:00,-0.0548536628048792,2.743884796050106,16,600,2.0,0.5,price_compare,5,,2025-02-28 13:05:00
2025-03-03 13:20:00,-0.07127600074902171,3.111263435733287,16,600,2.0,0.5,price_compare,5,,2025-03-03 13:20:00
2025-03-04 13:35:00,-0.058610669366955144,3.0353545043409436,16,600,2.0,0.5,price_compare,5,,2025-03-04 13:35:00
2025-03-05 13:50:00,-0.058972589525914595,3.1025178035429026,16,600,2.0,0.5,price_compare,5,,2025-03-05 13:50:00
2025-03-06 14:05:00,-0.04719992810097744,3.1540095511060184,16,600,2.0,0.5,price_compare,5,,2025-03-06 14:05:00
2025-03-07 14:20:00,-0.037212027797117776,3.5090708688325685,16,600,2.0,0.5,price_compare,5,,2025-03-07 14:20:00
2025-03-10 14:35:00,-0.018517423151280736,3.13101949401095,16,600,2.0,0.5,price_compare,5,,2025-03-10 14:35:00
2025-03-11 14:50:00,0.006864626223623911,3.5417426515730743,16,600,2.0,0.5,price_compare,5,,2025-03-11 14:50:00
2025-03-12 15:05:00,0.0186439800736396,3.0771950539320962,16,600,2.0,0.5,price_compare,5,,2025-03-12 15:05:00
2025-03-14 09:35:00,-0.013693490564463402,2.9534511859764865,16,600,2.0,0.5,price_compare,5,,2025-03-14 09:35:00
2025-03-17 09:50:00,0.0009037945197660814,2.112421319557328,16,600,2.0,0.5,price_compare,5,,2025-03-17 09:50:00
2025-03-18 10:05:00,0.00825119150876216,1.7882647851226163,16,600,2.0,0.5,price_compare,5,,2025-03-18 10:05:00
2025-03-19 10:20:00,0.01410502133502661,1.5193820894213352,16,600,2.0,0.5,price_compare,5,,2025-03-19 10:20:00
2025-03-20 10:35:00,0.008143498416889949,1.5078367917919357,16,600,2.0,0.5,price_compare,5,,2025-03-20 10:35:00
2025-03-21 10:50:00,0.03194783136476619,0.558047803457558,20,800,2.0,0.5,price_compare,5,,2025-03-21 10:50:00
2025-03-24 11:05:00,0.040264921754871154,0.8313459164185466,20,800,2.0,0.5,price_compare,5,,2025-03-24 11:05:00
2025-03-25 11:20:00,0.04642262406902224,1.2868813299258208,20,800,2.0,0.5,price_compare,5,,2025-03-25 11:20:00
2025-03-26 13:05:00,0.04278828070650678,1.1155154214629779,20,800,2.0,0.5,price_compare,5,,2025-03-26 13:05:00
2025-03-27 13:20:00,0.03316184668010253,2.7416781426189623,16,600,2.0,0.5,price_compare,5,,2025-03-27 13:20:00
2025-03-28 13:35:00,0.05860025579579483,1.4666843678478847,20,800,2.0,0.5,price_compare,5,,2025-03-28 13:35:00
2025-03-31 13:50:00,0.05434351141706489,1.5417542525345092,20,800,2.0,0.5,price_compare,5,,2025-03-31 13:50:00
2025-04-01 14:05:00,0.05908442595772673,1.2766443379594805,20,800,2.0,0.5,price_compare,5,,2025-04-01 14:05:00
2025-04-02 14:20:00,0.04946936749971343,1.694993247713724,20,800,2.0,0.5,price_compare,5,,2025-04-02 14:20:00
2025-04-03 14:35:00,0.04930667090087009,2.134462866855291,20,800,2.0,0.5,price_compare,5,,2025-04-03 14:35:00
2025-04-07 14:50:00,0.06680142720274207,2.264061827997167,20,800,2.0,0.5,price_compare,5,,2025-04-07 14:50:00
2025-04-08 15:05:00,0.05643925140389271,2.350919693503029,20,800,2.0,0.5,price_compare,5,,2025-04-08 15:05:00
2025-04-10 09:35:00,0.05093095058133089,2.2076410932303765,20,800,2.0,0.5,price_compare,5,,2025-04-10 09:35:00
2025-04-11 09:50:00,0.05140556999675176,2.367408628723562,20,800,2.0,0.5,price_compare,5,,2025-04-11 09:50:00
2025-04-14 10:05:00,0.041660844276340724,2.301157553072132,20,800,2.0,0.5,price_compare,5,,2025-04-14 10:05:00
2025-04-15 10:20:00,0.0383042586038573,1.7577566416626078,20,800,2.0,0.5,price_compare,5,,2025-04-15 10:20:00
2025-04-16 10:35:00,0.039928002938341096,1.8750664471905798,20,800,2.0,0.5,price_compare,5,,2025-04-16 10:35:00
2025-04-17 10:50:00,0.03065913202824158,1.8437046101747268,20,800,2.0,0.5,price_compare,5,,2025-04-17 10:50:00
2025-04-18 11:05:00,0.041120915402746316,2.4670501078762457,20,800,2.0,0.5,price_compare,5,,2025-04-18 11:05:00
2025-04-21 11:20:00,0.04375383790528748,2.732793445874772,20,800,2.0,0.5,price_compare,5,,2025-04-21 11:20:00
2025-04-22 13:05:00,0.04517956274672201,2.7471708980540472,20,800,2.0,0.5,price_compare,5,,2025-04-22 13:05:00
2025-04-23 13:20:00,0.04805872953063489,3.117172891410993,20,800,2.0,0.5,price_compare,5,,2025-04-23 13:20:00
2025-04-24 13:35:00,0.04413788212315783,3.1236950272580324,20,800,2.0,0.5,price_compare,5,,2025-04-24 13:35:00
2025-04-25 13:50:00,0.0454766230975916,3.206739521354059,20,800,2.0,0.5,price_compare,5,,2025-04-25 13:50:00
2025-04-28 14:05:00,0.04605054349422568,3.112237713807983,20,800,2.0,0.5,price_compare,5,,2025-04-28 14:05:00
2025-04-29 14:20:00,0.05260131529127965,4.314064363781079,16,600,2.0,0.5,price_compare,5,,2025-04-29 14:20:00
2025-04-30 14:35:00,0.06068852125731975,3.5522812120001883,20,800,2.0,0.5,price_compare,5,,2025-04-30 14:35:00
2025-05-06 14:50:00,0.05750702659957233,4.186111518627075,16,600,2.0,0.5,price_compare,5,,2025-05-06 14:50:00
2025-05-07 15:05:00,0.03694576347290179,4.530754230549145,16,600,2.0,0.5,price_compare,5,,2025-05-07 15:05:00
2025-05-09 09:35:00,0.03190633586438568,4.315558589459331,16,600,2.0,0.5,price_compare,5,,2025-05-09 09:35:00
2025-05-12 09:50:00,0.04234958557026064,3.931239065802271,16,600,2.0,0.5,price_compare,5,,2025-05-12 09:50:00
2025-05-13 10:05:00,0.028029309226225218,4.114166227096783,16,600,2.0,0.5,price_compare,5,,2025-05-13 10:05:00
2025-05-14 10:20:00,0.022353978298944026,3.6988228908627656,16,600,2.0,0.5,price_compare,5,,2025-05-14 10:20:00
2025-05-15 10:35:00,0.01591730374886874,3.7681188605334572,16,600,2.0,0.5,price_compare,5,,2025-05-15 10:35:00
2025-05-16 10:50:00,0.01551200492292854,3.893746896239601,16,600,2.0,0.5,price_compare,5,,2025-05-16 10:50:00
2025-05-19 11:05:00,0.01569411562253485,3.094616058234087,16,600,2.0,0.5,price_compare,5,,2025-05-19 11:05:00
2025-05-20 11:20:00,0.031448675995371475,3.2901474699306874,16,600,2.0,0.5,price_compare,5,,2025-05-20 11:20:00
2025-05-21 13:05:00,0.044710093248586276,3.2979720477665873,16,600,2.0,0.5,price_compare,5,,2025-05-21 13:05:00
2025-05-22 13:20:00,0.03706052171785432,3.2927655409531313,16,600,2.0,0.5,price_compare,5,,2025-05-22 13:20:00
2025-05-23 13:35:00,0.03161911727734339,3.1894224667598925,16,600,2.0,0.5,price_compare,5,,2025-05-23 13:35:00
2025-05-26 13:50:00,0.03323724508092109,3.4581017824726237,16,600,2.0,0.5,price_compare,5,,2025-05-26 13:50:00
2025-05-27 14:05:00,0.03764393153228683,3.2934010046952342,16,600,2.0,0.5,price_compare,5,,2025-05-27 14:05:00
2025-05-28 14:20:00,0.04767768619263612,2.9437350242479425,16,600,2.0,0.5,price_compare,5,,2025-05-28 14:20:00
2025-05-29 14:35:00,0.052878312385157555,2.7550995824979503,16,600,2.0,0.5,price_compare,5,,2025-05-29 14:35:00
2025-05-30 14:50:00,0.0404389673705804,2.5497100648464404,20,800,2.0,0.5,price_compare,5,,2025-05-30 14:50:00
2025-06-03 15:05:00,0.041766366443703025,2.806244140117102,20,800,2.0,0.5,price_compare,5,,2025-06-03 15:05:00
2025-06-05 09:35:00,0.05065573029449642,2.8794230689044853,20,800,2.0,0.5,price_compare,5,,2025-06-05 09:35:00
2025-06-06 09:50:00,0.04385379299151465,2.2236258247091527,16,600,2.0,0.5,price_compare,5,,2025-06-06 09:50:00
2025-06-09 10:05:00,0.045155700947979716,2.1249715977950885,16,600,2.0,0.5,price_compare,5,,2025-06-09 10:05:00
2025-06-10 10:20:00,0.0452944948240825,2.2180841638485576,20,800,2.0,0.5,price_compare,5,,2025-06-10 10:20:00
2025-06-11 10:35:00,0.03831962021461374,2.0761778295204962,20,800,2.0,0.5,price_compare,5,,2025-06-11 10:35:00
2025-06-12 10:50:00,0.03055431506545787,2.5121309128515787,20,800,2.0,0.5,price_compare,5,,2025-06-12 10:50:00
2025-06-13 11:05:00,-0.0010168817459750446,2.8697794745697296,20,800,2.0,0.5,price_compare,5,,2025-06-13 11:05:00
2025-06-16 11:20:00,-0.010134072143939098,3.214898112777981,20,800,2.0,0.5,price_compare,5,,2025-06-16 11:20:00
2025-06-17 13:05:00,0.020937751870113958,3.4716396433534302,20,800,2.0,0.5,price_compare,5,,2025-06-17 13:05:00
2025-06-18 13:20:00,-0.005279994098024007,4.091735026790035,20,800,2.0,0.5,price_compare,5,,2025-06-18 13:20:00
2025-06-19 13:35:00,0.007160454154832692,4.4471241136075506,20,800,2.0,0.5,price_compare,5,,2025-06-19 13:35:00
2025-06-20 13:50:00,0.012817649222786656,4.661065531434792,20,800,2.0,0.5,price_compare,5,,2025-06-20 13:50:00
2025-06-23 14:05:00,0.009860827988699661,4.004676320152925,20,800,2.0,0.5,price_compare,5,,2025-06-23 14:05:00
2025-06-24 14:20:00,0.007737023097107097,3.8805068089117074,20,800,2.0,0.5,price_compare,5,,2025-06-24 14:20:00
2025-06-25 14:35:00,0.005116124874248292,3.9226260208309136,20,800,2.0,0.5,price_compare,5,,2025-06-25 14:35:00
2025-06-26 14:50:00,0.013490684406505507,3.957270664282033,20,800,2.0,0.5,price_compare,5,,2025-06-26 14:50:00
2025-06-27 15:05:00,0.017695112339685376,4.069323088577968,20,800,2.0,0.5,price_compare,5,,2025-06-27 15:05:00
2025-07-01 09:35:00,0.04404452591572683,3.9761274531783943,20,800,2.0,0.5,price_compare,5,,2025-07-01 09:35:00
2025-07-02 09:50:00,0.03194373729318403,4.061241074648724,20,800,2.0,0.5,price_compare,5,,2025-07-02 09:50:00
2025-07-03 10:05:00,0.02761792472965488,3.5354311299054015,20,800,2.0,0.5,price_compare,5,,2025-07-03 10:05:00
2025-07-04 10:20:00,0.014098953881467119,2.6105172035395054,20,800,2.0,0.5,price_compare,5,,2025-07-04 10:20:00
2025-07-07 10:35:00,0.00375326646029727,2.985297786387513,20,800,2.0,0.5,price_compare,5,,2025-07-07 10:35:00
2025-07-08 10:50:00,0.0018182884002322282,2.6344024759978972,20,800,2.0,0.5,price_compare,5,,2025-07-08 10:50:00
2025-07-09 11:05:00,-0.019329398608697427,2.8556601785868283,20,800,2.0,0.5,price_compare,5,,2025-07-09 11:05:00
2025-07-10 11:20:00,-0.018724911272450958,3.04883448356239,20,800,2.0,0.5,price_compare,5,,2025-07-10 11:20:00
2025-07-11 13:05:00,-0.050527503426777316,3.344114645536711,20,800,2.0,0.5,price_compare,5,,2025-07-11 13:05:00
2025-07-14 13:20:00,-0.04195174863270056,2.6491995107982165,16,600,2.0,0.5,price_compare,5,,2025-07-14 13:20:00
2025-07-15 13:35:00,-0.018881088313522698,3.553384186869303,20,800,2.0,0.5,price_compare,5,,2025-07-15 13:35:00
2025-07-16 13:50:00,0.0010868308828735458,3.1837531709805837,20,800,2.0,0.5,price_compare,5,,2025-07-16 13:50:00
2025-07-17 14:05:00,0.0016564889265237165,3.0909722860906155,20,800,2.0,0.5,price_compare,5,,2025-07-17 14:05:00
2025-07-18 14:20:00,0.009547410213159973,3.1982220766723053,20,800,2.0,0.5,price_compare,5,,2025-07-18 14:20:00
2025-07-21 14:35:00,-0.012146654170239003,3.0162704646080263,20,800,2.0,0.5,price_compare,5,,2025-07-21 14:35:00
2025-07-22 14:50:00,-0.01798352077671133,3.5112603496064922,20,800,2.0,0.5,price_compare,5,,2025-07-22 14:50:00
2025-07-23 15:05:00,-0.024974719279219605,2.69200887353825,16,600,2.0,0.5,price_compare,5,,2025-07-23 15:05:00
2025-07-25 09:35:00,-0.023895935219119962,3.2658735703170065,16,600,2.0,0.5,price_compare,5,,2025-07-25 09:35:00
2025-07-28 09:50:00,-0.027301758926350762,2.5829596969363524,16,600,2.0,0.5,price_compare,5,,2025-07-28 09:50:00
2025-07-29 10:05:00,-0.03284467006733843,2.6978215817816213,16,600,2.0,0.5,price_compare,5,,2025-07-29 10:05:00
2025-07-30 10:20:00,-0.04395217303298218,2.4583975812387946,16,600,2.0,0.5,price_compare,5,,2025-07-30 10:20:00
2025-07-31 10:35:00,-0.053680781279160095,3.1369635088280328,16,600,2.0,0.5,price_compare,5,,2025-07-31 10:35:00
2025-08-01 10:50:00,-0.028636489708561724,3.205803211073571,16,600,2.0,0.5,price_compare,5,,2025-08-01 10:50:00
2025-08-04 11:05:00,-0.04094048894994067,3.1528882921292225,16,600,2.0,0.5,price_compare,5,,2025-08-04 11:05:00
2025-08-05 11:20:00,-0.029923110163486217,3.904039178247704,16,600,2.0,0.5,price_compare,5,,2025-08-05 11:20:00
2025-08-06 13:05:00,-0.0506252819056321,3.77282655863556,16,600,2.0,0.5,price_compare,5,,2025-08-06 13:05:00
2025-08-07 13:20:00,-0.0714402611485986,3.460713130669621,16,600,2.0,0.5,price_compare,5,,2025-08-07 13:20:00
2025-08-08 13:35:00,-0.06637258608196524,3.360271423853653,16,600,2.0,0.5,price_compare,5,,2025-08-08 13:35:00
2025-08-11 13:50:00,-0.07134425219319675,4.063520031713761,16,600,2.0,0.5,price_compare,5,,2025-08-11 13:50:00
2025-08-12 14:05:00,-0.062450274341599187,3.7861575982126476,16,600,2.0,0.5,price_compare,5,,2025-08-12 14:05:00
2025-08-13 14:20:00,-0.06548410657645667,3.742396075329667,16,600,2.0,0.5,price_compare,5,,2025-08-13 14:20:00
2025-08-14 14:35:00,-0.05682588439179411,3.7699903544378337,16,600,2.0,0.5,price_compare,5,,2025-08-14 14:35:00
2025-08-15 14:50:00,-0.08465723791535774,4.135241935924907,16,600,2.0,0.5,price_compare,5,,2025-08-15 14:50:00
2025-08-18 15:05:00,-0.10237457766980576,4.464431209649309,16,600,2.0,0.5,price_compare,5,,2025-08-18 15:05:00
2025-08-20 09:35:00,-0.10801289698643698,4.669705666425515,16,600,2.0,0.5,price_compare,5,,2025-08-20 09:35:00
2025-08-21 09:50:00,-0.0906556849993437,4.837760940196546,20,800,2.0,0.5,price_compare,5,,2025-08-21 09:50:00
2025-08-22 10:05:00,-0.10815385780976487,5.286327563772752,16,600,2.0,0.5,price_compare,5,,2025-08-22 10:05:00
2025-08-25 10:20:00,-0.10486173831012083,5.365677924934448,16,600,2.0,0.5,price_compare,5,,2025-08-25 10:20:00
2025-08-26 10:35:00,-0.11390597463098315,4.637537524438568,20,800,2.0,0.5,price_compare,5,,2025-08-26 10:35:00
2025-08-27 10:50:00,-0.1380420980504014,5.026239059557093,16,600,2.0,0.5,price_compare,5,,2025-08-27 10:50:00
2025-08-28 11:05:00,-0.14289307024612588,5.149202154020657,16,600,2.0,0.5,price_compare,5,,2025-08-28 11:05:00
2025-08-29 11:20:00,-0.15225116907427882,4.990788034747983,16,600,2.0,0.5,price_compare,5,,2025-08-29 11:20:00
2025-09-01 13:05:00,-0.1680284717796742,4.653879881485122,16,600,2.0,0.5,price_compare,5,,2025-09-01 13:05:00
2025-09-02 13:20:00,-0.19447632920906857,4.2797070695714305,16,600,2.0,0.5,price_compare,5,,2025-09-02 13:20:00
2025-09-03 13:35:00,-0.19542169401394982,4.437886396031136,16,600,2.0,0.5,price_compare,5,,2025-09-03 13:35:00
2025-09-04 13:50:00,-0.18368650826222774,4.8677760289777625,16,600,2.0,0.5,price_compare,5,,2025-09-04 13:50:00
2025-09-05 14:05:00,-0.1792883917963126,5.263814884319405,16,600,2.0,0.5,price_compare,5,,2025-09-05 14:05:00
2025-09-08 14:20:00,-0.17760198653943923,5.451494294905535,16,600,2.0,0.5,price_compare,5,,2025-09-08 14:20:00
2025-09-09 14:35:00,-0.1721287075578249,5.4516199467613005,16,600,2.0,0.5,price_compare,5,,2025-09-09 14:35:00
2025-09-10 14:50:00,-0.17343331038343368,5.916889212584738,16,600,2.0,0.5,price_compare,5,,2025-09-10 14:50:00
2025-09-11 15:05:00,-0.18292786530378302,5.503192742133161,16,600,2.0,0.5,price_compare,5,,2025-09-11 15:05:00
2025-09-15 09:35:00,-0.17814578913170118,5.929280413874977,16,600,2.0,0.5,price_compare,5,,2025-09-15 09:35:00
2025-09-16 09:50:00,-0.17637363534001957,5.846113163609904,16,600,2.0,0.5,price_compare,5,,2025-09-16 09:50:00
2025-09-17 10:05:00,-0.18866769993256663,6.550687486006456,16,600,2.0,0.5,price_compare,5,,2025-09-17 10:05:00
2025-09-18 10:20:00,-0.18213102694194974,6.44385234703729,16,600,2.0,0.5,price_compare,5,,2025-09-18 10:20:00
2025-09-19 10:35:00,-0.18286325869071007,6.455875474148103,16,600,2.0,0.5,price_compare,5,,2025-09-19 10:35:00
2025-09-22 10:50:00,-0.16049309726361852,6.896765924758301,16,600,2.0,0.5,price_compare,5,,2025-09-22 10:50:00
2025-09-23 11:05:00,-0.16355627115424673,7.146447313615355,16,600,2.0,0.5,price_compare,5,,2025-09-23 11:05:00
2025-09-24 11:20:00,-0.15002274401744964,6.761244853743878,16,600,2.0,0.5,price_compare,5,,2025-09-24 11:20:00
2025-09-25 13:05:00,-0.16378012749562348,7.277468420330829,16,600,2.0,0.5,price_compare,5,,2025-09-25 13:05:00
2025-09-26 13:20:00,-0.15509260768399297,6.688746945810847,16,600,2.0,0.5,price_compare,5,,2025-09-26 13:20:00
2025-09-29 13:35:00,-0.14579438257795058,6.862084829551363,16,600,2.0,0.5,price_compare,5,,2025-09-29 13:35:00
2025-09-30 13:50:00,-0.1399177626483289,5.588691514411612,20,800,2.0,0.5,price_compare,5,,2025-09-30 13:50:00
2025-10-09 14:05:00,-0.13475656048316048,6.946086675260312,16,600,2.0,0.5,price_compare,5,,2025-10-09 14:05:00
2025-10-10 14:20:00,-0.12862890381575165,6.486856415406406,16,600,2.0,0.5,price_compare,5,,2025-10-10 14:20:00
2025-10-13 14:35:00,-0.12656683622413117,6.531258842461472,16,600,2.0,0.5,price_compare,5,,2025-10-13 14:35:00
2025-10-14 14:50:00,-0.1338997405436035,5.663045516278076,20,800,2.0,0.5,price_compare,5,,2025-10-14 14:50:00
2025-10-15 15:05:00,-0.12477431528573056,6.402794673965666,16,600,2.0,0.5,price_compare,5,,2025-10-15 15:05:00
2025-10-17 09:35:00,-0.12223759524168894,5.389787178375181,20,800,2.0,0.5,price_compare,5,,2025-10-17 09:35:00
2025-10-20 09:50:00,-0.1317077221466963,5.406273844686111,20,800,2.0,0.5,price_compare,5,,2025-10-20 09:50:00
2025-10-21 10:05:00,-0.1441741007499677,6.149192530167361,16,600,2.0,0.5,price_compare,5,,2025-10-21 10:05:00
2025-10-22 10:20:00,-0.14181814313643154,6.069331097869473,16,600,2.0,0.5,price_compare,5,,2025-10-22 10:20:00
2025-10-23 10:35:00,-0.14953391518011414,5.797627399492701,16,600,2.0,0.5,price_compare,5,,2025-10-23 10:35:00
2025-10-24 10:50:00,-0.15371077627256952,5.704165234282307,16,600,2.0,0.5,price_compare,5,,2025-10-24 10:50:00
2025-10-27 11:05:00,-0.15596388999342495,6.066113696312006,16,600,2.0,0.5,price_compare,5,,2025-10-27 11:05:00
2025-10-28 11:20:00,-0.1580080751171531,6.688367810251199,16,600,2.0,0.5,price_compare,5,,2025-10-28 11:20:00
2025-10-29 13:05:00,-0.14738543483526498,5.793354498254341,20,800,2.0,0.5,price_compare,5,,2025-10-29 13:05:00
2025-10-30 13:20:00,-0.14895291646308612,5.409672196856658,20,800,2.0,0.5,price_compare,5,,2025-10-30 13:20:00
2025-10-31 13:35:00,-0.15033734675008587,5.212308474156305,20,800,2.0,0.5,price_compare,5,,2025-10-31 13:35:00
2025-11-03 13:50:00,-0.1472242397274434,5.060137298468939,20,800,2.0,0.5,price_compare,5,,2025-11-03 13:50:00
2025-11-04 14:05:00,-0.14312500085702362,5.1077199540086005,20,800,2.0,0.5,price_compare,5,,2025-11-04 14:05:00
2025-11-05 14:20:00,-0.15838879243125206,5.042142783686255,20,800,2.0,0.5,price_compare,5,,2025-11-05 14:20:00
2025-11-06 14:35:00,-0.1611505894882942,4.858912612614444,20,800,2.0,0.5,price_compare,5,,2025-11-06 14:35:00
2025-11-07 14:50:00,-0.15465548072415086,4.996279446501905,20,800,2.0,0.5,price_compare,5,,2025-11-07 14:50:00
2025-11-10 15:05:00,-0.14355763450749887,5.183635941464217,20,800,2.0,0.5,price_compare,5,,2025-11-10 15:05:00
2025-11-12 09:35:00,-0.14042388563808111,4.909020213825454,20,800,2.0,0.5,price_compare,5,,2025-11-12 09:35:00
2025-11-13 09:50:00,-0.14119846796523589,4.802618113208197,20,800,2.0,0.5,price_compare,5,,2025-11-13 09:50:00
2025-11-14 10:05:00,-0.14141540064097344,4.933527033507459,20,800,2.0,0.5,price_compare,5,,2025-11-14 10:05:00
2025-11-17 10:20:00,-0.1463437364787615,5.198076869311918,20,800,2.0,0.5,price_compare,5,,2025-11-17 10:20:00
2025-11-18 10:35:00,-0.13869532818173294,4.655366515212523,20,800,2.0,0.5,price_compare,5,,2025-11-18 10:35:00
2025-11-19 10:50:00,-0.14889536523418662,4.51556554750756,20,800,2.0,0.5,price_compare,5,,2025-11-19 10:50:00
2025-11-20 11:05:00,-0.14745136161318098,4.1746650579726365,20,800,2.0,0.5,price_compare,5,,2025-11-20 11:05:00
2025-11-21 11:20:00,-0.1404888646460055,3.7294390111529117,20,800,2.0,0.5,price_compare,5,,2025-11-21 11:20:00
2025-11-24 13:05:00,-0.13660758696417133,3.789969296355769,20,800,2.0,0.5,price_compare,5,,2025-11-24 13:05:00
2025-11-25 13:20:00,-0.1346248599374855,3.733995206471982,20,800,2.0,0.5,price_compare,5,,2025-11-25 13:20:00
2025-11-26 13:35:00,-0.12002935900565573,3.6055003742815823,20,800,2.0,0.5,price_compare,5,,2025-11-26 13:35:00
2025-11-27 13:50:00,-0.1404684243797322,4.022162953683264,20,800,2.0,0.5,price_compare,5,,2025-11-27 13:50:00
2025-11-28 14:05:00,-0.13805918279939788,4.031849530325217,20,800,2.0,0.5,price_compare,5,,2025-11-28 14:05:00
2025-12-01 14:20:00,-0.1227436108631577,4.02938727332281,20,800,2.0,0.5,price_compare,5,,2025-12-01 14:20:00
2025-12-02 14:35:00,-0.12694710663442324,3.8960485295353027,20,800,2.0,0.5,price_compare,5,,2025-12-02 14:35:00
2025-12-03 14:50:00,-0.11857009004808494,3.7299744666366785,20,800,2.0,0.5,price_compare,5,,2025-12-03 14:50:00
2025-12-04 15:05:00,-0.12168252655893386,3.0614542713992763,20,800,2.0,0.5,price_compare,5,,2025-12-04 15:05:00
2025-12-08 09:35:00,-0.1002024899826162,2.777874636130447,20,800,2.0,0.5,price_compare,5,,2025-12-08 09:35:00
2025-12-09 09:50:00,-0.10253725018455015,2.274263093203248,20,800,2.0,0.5,price_compare,5,,2025-12-09 09:50:00
2025-12-10 10:05:00,-0.10924924443642556,2.15502361636118,20,800,2.0,0.5,price_compare,5,,2025-12-10 10:05:00
2025-12-11 10:20:00,-0.10944173075698525,2.207712376031602,20,800,2.0,0.5,price_compare,5,,2025-12-11 10:20:00
2025-12-12 10:35:00,-0.13497729878189296,1.583373174858003,20,800,2.0,0.5,price_compare,5,,2025-12-12 10:35:00
2025-12-15 10:50:00,-0.13200770637960482,2.028141845583524,20,800,2.0,0.5,price_compare,5,,2025-12-15 10:50:00
2025-12-16 11:05:00,-0.11416407125874058,1.746491459040502,20,800,2.0,0.5,price_compare,5,,2025-12-16 11:05:00
2025-12-17 11:20:00,-0.11422600184768895,1.418927157713543,20,800,2.0,0.5,price_compare,5,,2025-12-17 11:20:00
2025-12-18 13:05:00,-0.11498545077471817,1.3705485085277544,20,800,2.0,0.5,price_compare,5,,2025-12-18 13:05:00
2025-12-19 13:20:00,-0.10618690038083409,1.0549792358929793,20,800,2.0,0.5,price_compare,5,,2025-12-19 13:20:00
2025-12-22 13:35:00,-0.09089459842416528,0.526445240830412,20,800,2.0,0.5,price_compare,5,,2025-12-22 13:35:00
2025-12-23 13:50:00,-0.07399910419219877,0.567343667236208,20,800,2.0,0.5,price_compare,5,,2025-12-23 13:50:00
2025-12-24 14:05:00,-0.06515254157533978,0.6303209630899137,20,800,2.0,0.5,price_compare,5,,2025-12-24 14:05:00
2025-12-25 14:20:00,-0.08797101158407637,0.18774008320328378,20,800,2.0,0.5,price_compare,5,,2025-12-25 14:20:00
2025-12-26 14:35:00,-0.10162089709369207,0.6511500115050454,20,800,2.0,0.5,price_compare,5,,2025-12-26 14:35:00
2025-12-29 14:50:00,-0.12418717448865586,0.03249835187927976,20,800,2.0,0.5,price_compare,5,,2025-12-29 14:50:00
2025-12-30 15:10:00,-0.1035019403121794,0.303498597785814,20,800,2.0,0.5,price_compare,5,,2025-12-30 15:10:00
2026-01-05 09:50:00,-0.11126486812456884,-0.2018265858315443,20,800,2.0,0.5,price_compare,5,,2026-01-05 09:50:00
2026-01-06 10:05:00,-0.11505015395728344,0.2079666546263183,20,800,2.0,0.5,price_compare,5,,2026-01-06 10:05:00
2026-01-07 10:20:00,-0.1361300737638247,0.20490869858692204,20,800,2.0,0.5,price_compare,5,,2026-01-07 10:20:00
2026-01-08 10:35:00,-0.14064192356482777,0.012459527826549558,20,800,2.0,0.5,price_compare,5,,2026-01-08 10:35:00
2026-01-12 10:50:00,-0.1395139919111755,0.6565992214945641,20,800,2.0,0.5,price_compare,5,,2026-01-12 10:50:00
2026-01-13 11:05:00,-0.1294253937776386,0.48824370801051675,20,800,2.0,0.5,price_compare,5,,2026-01-13 11:05:00
2026-01-15 11:20:00,-0.11075406641139487,0.6849492031943633,20,800,2.0,0.5,price_compare,5,,2026-01-15 11:20:00
2026-01-16 13:05:00,-0.07873503863067415,1.0064350260994424,20,800,2.0,0.5,price_compare,5,,2026-01-16 13:05:00
2026-01-19 13:20:00,-0.08086142335791227,0.9485524764259591,20,800,2.0,0.5,price_compare,5,,2026-01-19 13:20:00
2026-01-20 13:40:00,-0.07229972520646204,0.9709429000755978,20,800,2.0,0.5,price_compare,5,,2026-01-20 13:40:00
2026-01-21 13:55:00,-0.062027386049484205,1.108471852137234,20,800,2.0,0.5,price_compare,5,,2026-01-21 13:55:00
2026-01-22 14:10:00,-0.057365270664243184,1.285870225625128,20,800,2.0,0.5,price_compare,5,,2026-01-22 14:10:00
2026-01-23 14:25:00,-0.05037102780187724,0.8053090315020436,20,800,2.0,0.5,price_compare,5,,2026-01-23 14:25:00
2026-01-26 14:40:00,-0.06117169529030762,0.23653406006364555,20,800,2.0,0.5,price_compare,5,,2026-01-26 14:40:00
2026-01-27 14:55:00,-0.06088453048240809,0.40108861566827714,20,800,2.0,0.5,price_compare,5,,2026-01-27 14:55:00
2026-01-28 15:10:00,-0.04113072102860908,0.4404946012900276,20,800,2.0,0.5,price_compare,5,,2026-01-28 15:10:00
2026-01-30 09:40:00,-0.025193814988625277,0.829038357555366,20,800,2.0,0.5,price_compare,5,,2026-01-30 09:40:00
2026-02-02 09:55:00,-0.010044864003220038,0.9300098646438233,20,800,2.0,0.5,price_compare,5,,2026-02-02 09:55:00
2026-02-03 10:10:00,0.0017664183555440712,0.8310807581057432,20,800,2.0,0.5,price_compare,5,,2026-02-03 10:10:00
2026-02-04 10:25:00,-0.005710777369920663,0.7238161088080349,20,800,2.0,0.5,price_compare,5,,2026-02-04 10:25:00
2026-02-05 10:40:00,-0.008448549647792104,0.8061915881322429,20,800,2.0,0.5,price_compare,5,,2026-02-05 10:40:00
2026-02-06 10:55:00,-0.01134954833497871,0.9316525084396056,20,800,2.0,0.5,price_compare,5,,2026-02-06 10:55:00
2026-02-09 11:10:00,0.014285578998148418,1.1288536441218548,20,800,2.0,0.5,price_compare,5,,2026-02-09 11:10:00
2026-02-10 11:25:00,0.015791731626092664,1.1258300456449972,20,800,2.0,0.5,price_compare,5,,2026-02-10 11:25:00
2026-02-11 13:10:00,0.0187855647598405,1.3465294241976091,20,800,2.0,0.5,price_compare,5,,2026-02-11 13:10:00
2026-02-12 13:25:00,0.03072290313627018,1.3618521228552434,20,800,2.0,0.5,price_compare,5,,2026-02-12 13:25:00
2026-02-13 13:40:00,0.03377313640536831,1.4009426703496295,20,800,2.0,0.5,price_compare,5,,2026-02-13 13:40:00
2026-02-24 13:55:00,0.03977650873393452,1.622485901869278,20,800,2.0,0.5,price_compare,5,,2026-02-24 13:55:00
2026-02-25 14:10:00,0.05465948126149517,1.8023809959004744,20,800,2.0,0.5,price_compare,5,,2026-02-25 14:10:00
2026-02-26 14:25:00,0.03155399213382177,3.090023037551459,20,800,2.0,0.5,price_compare,5,,2026-02-26 14:25:00
2026-02-27 14:40:00,0.03452049869552822,2.9484682568706178,20,800,2.0,0.5,price_compare,5,,2026-02-27 14:40:00
2026-03-02 14:55:00,0.054767496527821334,2.969722471539737,20,800,2.0,0.5,price_compare,5,,2026-03-02 14:55:00
2026-03-03 15:10:00,0.06137599182203404,2.950457662794706,20,800,2.0,0.5,price_compare,5,,2026-03-03 15:10:00
2026-03-05 09:40:00,0.06240110351635143,2.6833997895997603,20,800,2.0,0.5,price_compare,5,,2026-03-05 09:40:00
2026-03-06 09:55:00,0.047741837390657745,2.9714139416634198,20,800,2.0,0.5,price_compare,5,,2026-03-06 09:55:00
2026-03-09 10:10:00,0.05553015050090335,2.251474128248617,20,800,2.0,0.5,price_compare,5,,2026-03-09 10:10:00
2026-03-10 10:25:00,0.05913491954886297,1.5254671171985101,16,600,2.0,0.5,price_compare,5,,2026-03-10 10:25:00
2026-03-11 10:40:00,0.05188536027038796,1.5272038590087331,16,600,2.0,0.5,price_compare,5,,2026-03-11 10:40:00
2026-03-12 10:55:00,0.045210163223731385,2.1472774958462564,16,600,2.0,0.5,price_compare,5,,2026-03-12 10:55:00
2026-03-13 11:10:00,0.04577794010705631,2.074993954000488,16,600,2.0,0.5,price_compare,5,,2026-03-13 11:10:00
2026-03-16 11:25:00,0.02720008857940972,2.6201394274824916,16,600,2.0,0.5,price_compare,5,,2026-03-16 11:25:00
2026-03-17 13:10:00,0.05332081429375229,2.1283404896365896,16,600,2.0,0.5,price_compare,5,,2026-03-17 13:10:00
2026-03-18 13:25:00,0.05628366918648126,3.259092223063637,20,800,2.0,0.5,price_compare,5,,2026-03-18 13:25:00
2026-03-19 13:40:00,0.059789161739504375,2.5544798871498484,16,600,2.0,0.5,price_compare,5,,2026-03-19 13:40:00
2026-03-20 13:55:00,0.06003806341164044,2.330599077285463,16,600,2.0,0.5,price_compare,5,,2026-03-20 13:55:00
2026-03-23 14:10:00,0.04113843419439628,1.692874515098765,16,600,2.0,0.5,price_compare,5,,2026-03-23 14:10:00
2026-03-24 14:25:00,0.06566734232066482,1.8884269102175908,16,600,2.0,0.5,price_compare,5,,2026-03-24 14:25:00
2026-03-25 14:40:00,0.0651106768306255,1.7725451557614609,16,600,2.0,0.5,price_compare,5,,2026-03-25 14:40:00
2026-03-26 14:55:00,0.057584784637240004,1.5581156477241371,16,600,2.0,0.5,price_compare,5,,2026-03-26 14:55:00
2026-03-27 15:10:00,0.0596771702291382,1.522633317191639,16,600,2.0,0.5,price_compare,5,,2026-03-27 15:10:00
2026-03-31 09:40:00,0.0520325679381706,1.9612922108356323,16,600,2.0,0.5,price_compare,5,,2026-03-31 09:40:00
2026-04-01 09:55:00,0.04188072845895488,1.205182885110615,16,600,2.0,0.5,price_compare,5,,2026-04-01 09:55:00
2026-04-02 10:10:00,0.05280656654045204,1.7906424832919763,16,600,2.0,0.5,price_compare,5,,2026-04-02 10:10:00
2026-04-03 10:25:00,0.03354374207798232,1.5958500951191588,16,600,2.0,0.5,price_compare,5,,2026-04-03 10:25:00
2026-04-07 10:40:00,0.026958095199353452,3.7177874378536235,16,600,2.0,0.5,price_compare,5,,2026-04-07 10:40:00
2026-04-08 10:55:00,0.03124118435634098,3.525088260778412,16,600,2.0,0.5,price_compare,5,,2026-04-08 10:55:00
2026-04-09 11:10:00,0.03843553349353785,3.3322001229775884,16,600,2.0,0.5,price_compare,5,,2026-04-09 11:10:00
2026-04-10 11:25:00,0.04360611406155398,3.4599464770612807,16,600,2.0,0.5,price_compare,5,,2026-04-10 11:25:00
2026-04-13 13:10:00,0.04162670633335528,3.012609604947581,16,600,2.0,0.5,price_compare,5,,2026-04-13 13:10:00
2026-04-14 13:25:00,0.03908376949606935,3.217462371224173,16,600,2.0,0.5,price_compare,5,,2026-04-14 13:25:00
2026-04-15 13:40:00,0.043330035174655605,3.0799909728971167,16,600,2.0,0.5,price_compare,5,,2026-04-15 13:40:00
2026-04-16 13:55:00,0.05936296124936088,3.262835819362195,16,600,2.0,0.5,price_compare,5,,2026-04-16 13:55:00
2026-04-17 14:10:00,0.06604782170586122,3.05828241319316,16,600,2.0,0.5,price_compare,5,,2026-04-17 14:10:00
2026-04-20 14:25:00,0.05876993302717388,3.1309489669377863,16,600,2.0,0.5,price_compare,5,,2026-04-20 14:25:00
2026-04-21 14:40:00,0.04980446470660544,3.0170346784565334,16,600,2.0,0.5,price_compare,5,,2026-04-21 14:40:00
2026-04-22 14:55:00,0.03998900691298225,4.562604747131096,20,800,2.0,0.5,price_compare,5,,2026-04-22 14:55:00
2026-04-23 15:10:00,0.024692146495168547,3.2378520051804442,16,600,2.0,0.5,price_compare,5,,2026-04-23 15:10:00
