date,selection_score,train_sharpe,selected_N,selected_M,selected_n,selected_S,selected_trend_method,selected_ma_len_days,date_dt
2024-03-20 13:20:00,-0.06180505827944077,3.3762681885651324,16,600,2.0,0.5,price_compare,5,2024-03-20 13:20:00
2024-03-21 13:35:00,-0.07045507191328906,3.178575763341649,16,600,2.0,0.5,price_compare,5,2024-03-21 13:35:00
2024-03-22 13:50:00,-0.07145452629017658,3.242954129202116,16,600,2.0,0.5,price_compare,5,2024-03-22 13:50:00
2024-03-25 14:05:00,-0.06671466056964137,3.6607777371295502,16,600,2.0,0.5,price_compare,5,2024-03-25 14:05:00
2024-03-26 14:20:00,-0.06335596807587598,3.7202235671890778,16,600,2.0,0.5,price_compare,5,2024-03-26 14:20:00
2024-03-27 14:35:00,-0.06370986310192861,3.5651055821361077,16,600,2.0,0.5,price_compare,5,2024-03-27 14:35:00
2024-03-28 14:50:00,-0.06766015482874366,3.6903890513606576,16,600,2.0,0.5,price_compare,5,2024-03-28 14:50:00
2024-03-29 15:05:00,-0.07909329283819877,3.974300983424061,16,600,2.0,0.5,price_compare,5,2024-03-29 15:05:00
2024-04-02 09:35:00,-0.08992428764608376,3.6229633494960685,16,600,2.0,0.5,price_compare,5,2024-04-02 09:35:00
2024-04-03 09:50:00,-0.08933019442648824,3.409517150399366,16,600,2.0,0.5,price_compare,5,2024-04-03 09:50:00
2024-04-08 10:05:00,-0.09193471655388566,3.494360042140218,16,600,2.0,0.5,price_compare,5,2024-04-08 10:05:00
2024-04-09 10:20:00,-0.0958447408989823,3.9229419042069313,16,600,2.0,0.5,price_compare,5,2024-04-09 10:20:00
2024-04-10 10:35:00,-0.09147109464827938,3.5887349909430415,16,600,2.0,0.5,price_compare,5,2024-04-10 10:35:00
2024-04-11 10:50:00,-0.08839318427117725,3.500319348588908,16,600,2.0,0.5,price_compare,5,2024-04-11 10:50:00
2024-04-12 11:05:00,-0.0853281697291337,3.217509973732797,16,600,2.0,0.5,price_compare,5,2024-04-12 11:05:00
2024-04-15 11:20:00,-0.08498386474062546,3.2176697639231593,16,600,2.0,0.5,price_compare,5,2024-04-15 11:20:00
2024-04-16 13:05:00,-0.08954538573782383,3.30453203424409,16,600,2.0,0.5,price_compare,5,2024-04-16 13:05:00
2024-04-17 13:20:00,-0.07856199537245327,3.6492199678864745,16,600,2.0,0.5,price_compare,5,2024-04-17 13:20:00
2024-04-18 13:35:00,-0.08009382492538616,3.967713149753372,16,600,2.0,0.5,price_compare,5,2024-04-18 13:35:00
2024-04-19 13:50:00,-0.08837688556639216,4.130445266992047,16,600,2.0,0.5,price_compare,5,2024-04-19 13:50:00
2024-04-22 14:05:00,-0.07871868145703637,4.085876208846963,16,600,2.0,0.5,price_compare,5,2024-04-22 14:05:00
2024-04-23 14:20:00,-0.08671505777514163,4.308522367656165,16,600,2.0,0.5,price_compare,5,2024-04-23 14:20:00
2024-04-24 14:35:00,-0.09782368672973403,3.7068179345453127,16,600,2.0,0.5,price_compare,5,2024-04-24 14:35:00
2024-04-25 14:50:00,-0.10402826916654329,3.6006602385251796,16,600,2.0,0.5,price_compare,5,2024-04-25 14:50:00
2024-04-26 15:05:00,-0.10166881621582344,3.8372129938883828,16,600,2.0,0.5,price_compare,5,2024-04-26 15:05:00
2024-04-30 09:35:00,-0.09434098328555185,4.321015681857854,16,600,2.0,0.5,price_compare,5,2024-04-30 09:35:00
2024-05-06 09:50:00,-0.11232314450112794,3.9372423462863115,16,600,2.0,0.5,price_compare,5,2024-05-06 09:50:00
2024-05-07 10:05:00,-0.10935190439031144,4.120940916249539,16,600,2.0,0.5,price_compare,5,2024-05-07 10:05:00
2024-05-08 10:20:00,-0.11131594779524977,4.103830531657963,16,600,2.0,0.5,price_compare,5,2024-05-08 10:20:00
2024-05-09 10:35:00,-0.10124623721299472,3.610836604989003,16,600,2.0,0.5,price_compare,5,2024-05-09 10:35:00
2024-05-10 10:50:00,-0.10461981301162447,3.5001205231516366,16,600,2.0,0.5,price_compare,5,2024-05-10 10:50:00
2024-05-13 11:05:00,-0.09384835348987687,3.6077346219733593,16,600,2.0,0.5,price_compare,5,2024-05-13 11:05:00
2024-05-14 11:20:00,-0.10460255676784949,3.485895742250202,16,600,2.0,0.5,price_compare,5,2024-05-14 11:20:00
2024-05-15 13:05:00,-0.10618090903549114,3.5905855185949416,16,600,2.0,0.5,price_compare,5,2024-05-15 13:05:00
2024-05-16 13:20:00,-0.1082163630666782,3.15424544428965,16,600,2.0,0.5,price_compare,5,2024-05-16 13:20:00
2024-05-17 13:35:00,-0.0798464438484266,3.3119123000209982,16,600,2.0,0.5,price_compare,5,2024-05-17 13:35:00
2024-05-20 13:50:00,-0.07864408931708676,2.8279350416598064,16,600,2.0,0.5,price_compare,5,2024-05-20 13:50:00
2024-05-21 14:05:00,-0.07170376092159875,2.948106678508763,16,600,2.0,0.5,price_compare,5,2024-05-21 14:05:00
2024-05-22 14:20:00,-0.06673487638617615,2.9040043227817294,16,600,2.0,0.5,price_compare,5,2024-05-22 14:20:00
2024-05-23 14:35:00,-0.05870392709063528,2.87159623870272,16,600,2.0,0.5,price_compare,5,2024-05-23 14:35:00
2024-05-24 14:50:00,-0.06592658630043602,2.6950641287097112,16,600,2.0,0.5,price_compare,5,2024-05-24 14:50:00
2024-05-27 15:05:00,-0.06812535460552607,2.3942130170602707,16,600,2.0,0.5,price_compare,5,2024-05-27 15:05:00
2024-05-29 09:35:00,-0.05174567901754693,2.6650689017022953,16,600,2.0,0.5,price_compare,5,2024-05-29 09:35:00
2024-05-30 09:50:00,-0.05371075292240981,2.36556478452178,16,600,2.0,0.5,price_compare,5,2024-05-30 09:50:00
2024-05-31 10:05:00,-0.05771851757578598,2.73434594524711,16,600,2.0,0.5,price_compare,5,2024-05-31 10:05:00
2024-06-03 10:20:00,-0.06533184820919254,3.2828491011236007,16,600,2.0,0.5,price_compare,5,2024-06-03 10:20:00
2024-06-04 10:35:00,-0.06881334899302602,3.532792363342622,16,600,2.0,0.5,price_compare,5,2024-06-04 10:35:00
2024-06-05 10:50:00,-0.07147061596984874,3.7392372700324974,16,600,2.0,0.5,price_compare,5,2024-06-05 10:50:00
2024-06-06 11:05:00,-0.061172414918371734,3.245727703331082,16,600,2.0,0.5,price_compare,5,2024-06-06 11:05:00
2024-06-07 11:20:00,-0.049278730570887795,3.876931887796807,16,600,2.0,0.5,price_compare,5,2024-06-07 11:20:00
2024-06-11 13:05:00,-0.04618004773038879,3.8644735028013897,16,600,2.0,0.5,price_compare,5,2024-06-11 13:05:00
2024-06-12 13:20:00,-0.04981511601640656,3.0249548050968964,16,600,2.0,0.5,price_compare,5,2024-06-12 13:20:00
2024-06-13 13:35:00,-0.03765914825760931,3.9259465483156686,16,600,2.0,0.5,price_compare,5,2024-06-13 13:35:00
2024-06-14 13:50:00,-0.03422690980898275,4.093258790340737,16,600,2.0,0.5,price_compare,5,2024-06-14 13:50:00
2024-06-17 14:05:00,-0.04421139044421144,4.103346004416987,16,600,2.0,0.5,price_compare,5,2024-06-17 14:05:00
2024-06-18 14:20:00,-0.05196163513993137,4.174295975048081,16,600,2.0,0.5,price_compare,5,2024-06-18 14:20:00
2024-06-19 14:35:00,-0.05431325193009295,3.9350143070575005,16,600,2.0,0.5,price_compare,5,2024-06-19 14:35:00
2024-06-20 14:50:00,-0.06496856085233978,4.471537445845761,16,600,2.0,0.5,price_compare,5,2024-06-20 14:50:00
2024-06-21 15:05:00,-0.049015420811414946,4.486385918235905,16,600,2.0,0.5,price_compare,5,2024-06-21 15:05:00
2024-06-25 09:35:00,-0.061862858057326914,3.798841404164029,16,600,2.0,0.5,price_compare,5,2024-06-25 09:35:00
2024-06-26 09:50:00,-0.05517054079997699,3.9203089571352527,16,600,2.0,0.5,price_compare,5,2024-06-26 09:50:00
2024-06-27 10:05:00,-0.0550566331972918,4.235224408207467,16,600,2.0,0.5,price_compare,5,2024-06-27 10:05:00
2024-06-28 10:20:00,-0.06567349217932446,4.276970559785634,16,600,2.0,0.5,price_compare,5,2024-06-28 10:20:00
2024-07-01 10:35:00,-0.0699339120046072,4.462978411775673,16,600,2.0,0.5,price_compare,5,2024-07-01 10:35:00
2024-07-02 10:50:00,-0.07694547738672541,5.239517897728294,16,600,2.0,0.5,price_compare,5,2024-07-02 10:50:00
2024-07-03 11:05:00,-0.06822029847560726,5.0568378808753724,16,600,2.0,0.5,price_compare,5,2024-07-03 11:05:00
2024-07-04 11:20:00,-0.055494554380943154,4.986283091111741,16,600,2.0,0.5,price_compare,5,2024-07-04 11:20:00
2024-07-05 13:05:00,-0.03385048702341157,5.067152445563253,16,600,2.0,0.5,price_compare,5,2024-07-05 13:05:00
2024-07-08 13:20:00,-0.018990099062836344,5.423332779296583,16,600,2.0,0.5,price_compare,5,2024-07-08 13:20:00
2024-07-09 13:35:00,-0.011421205831401724,5.3574553262445415,16,600,2.0,0.5,price_compare,5,2024-07-09 13:35:00
2024-07-10 13:50:00,-0.0008317902165036665,5.232095137572448,16,600,2.0,0.5,price_compare,5,2024-07-10 13:50:00
2024-07-11 14:05:00,-0.002141245889229821,5.130283945684871,16,600,2.0,0.5,price_compare,5,2024-07-11 14:05:00
2024-07-12 14:20:00,-0.020410819902999196,5.351708032456846,16,600,2.0,0.5,price_compare,5,2024-07-12 14:20:00
2024-07-15 14:35:00,-0.01968480705442999,5.226961518593824,16,600,2.0,0.5,price_compare,5,2024-07-15 14:35:00
2024-07-16 14:50:00,-0.01688686033023678,5.046402940375983,16,600,2.0,0.5,price_compare,5,2024-07-16 14:50:00
2024-07-17 15:05:00,-0.016325645931901247,4.756036668500792,16,600,2.0,0.5,price_compare,5,2024-07-17 15:05:00
2024-07-19 09:35:00,-0.016703954903247643,4.424312398027892,16,600,2.0,0.5,price_compare,5,2024-07-19 09:35:00
2024-07-22 09:50:00,-0.011127476134135688,4.601196838125162,16,600,2.0,0.5,price_compare,5,2024-07-22 09:50:00
2024-07-23 10:05:00,-0.0011388042588028819,5.324856031440707,16,600,2.0,0.5,price_compare,5,2024-07-23 10:05:00
2024-07-24 10:20:00,-0.007193598231266095,4.994718800625214,16,600,2.0,0.5,price_compare,5,2024-07-24 10:20:00
2024-07-25 10:35:00,-0.005198943993989593,5.070051092033175,16,600,2.0,0.5,price_compare,5,2024-07-25 10:35:00
2024-07-26 10:50:00,0.014188948569856443,4.717970217817764,16,600,2.0,0.5,price_compare,5,2024-07-26 10:50:00
2024-07-29 11:05:00,0.023639426492274383,5.463908771392225,16,600,2.0,0.5,price_compare,5,2024-07-29 11:05:00
2024-07-30 11:20:00,0.015808093310360205,5.863638888457755,16,600,2.0,0.5,price_compare,5,2024-07-30 11:20:00
2024-07-31 13:05:00,0.006882466342042104,5.8260637979158085,16,600,2.0,0.5,price_compare,5,2024-07-31 13:05:00
2024-08-01 13:20:00,0.017393382985752028,6.017660878648731,16,600,2.0,0.5,price_compare,5,2024-08-01 13:20:00
2024-08-02 13:35:00,0.02294187692182483,6.294572442648755,16,600,2.0,0.5,price_compare,5,2024-08-02 13:35:00
2024-08-05 13:50:00,0.027905876348472247,6.656056657533213,16,600,2.0,0.5,price_compare,5,2024-08-05 13:50:00
2024-08-06 14:05:00,0.015957586528888616,5.463553177663505,16,600,2.0,0.5,price_compare,5,2024-08-06 14:05:00
2024-08-07 14:20:00,0.014385961502565816,5.836186403776091,16,600,2.0,0.5,price_compare,5,2024-08-07 14:20:00
2024-08-08 14:35:00,0.016268321212375682,5.475796724061056,16,600,2.0,0.5,price_compare,5,2024-08-08 14:35:00
2024-08-09 14:50:00,0.018646230990378675,5.11423215256177,16,600,2.0,0.5,price_compare,5,2024-08-09 14:50:00
2024-08-12 15:05:00,0.0331369490270232,5.909876541816479,16,600,2.0,0.5,price_compare,5,2024-08-12 15:05:00
2024-08-14 09:35:00,0.016618946748010257,5.507294460189358,16,600,2.0,0.5,price_compare,5,2024-08-14 09:35:00
2024-08-15 09:50:00,-0.004776504666935613,4.884214307872075,16,600,2.0,0.5,price_compare,5,2024-08-15 09:50:00
2024-08-16 10:05:00,-0.0008507238706198108,4.163516282165396,16,600,2.0,0.5,price_compare,5,2024-08-16 10:05:00
2024-08-19 10:20:00,-0.0008352152325130471,4.088332790496867,16,600,2.0,0.5,price_compare,5,2024-08-19 10:20:00
2024-08-20 10:35:00,-0.01480441699048204,4.640017178266477,16,600,2.0,0.5,price_compare,5,2024-08-20 10:35:00
2024-08-21 10:50:00,-0.027989047223869187,4.272841687890137,16,600,2.0,0.5,price_compare,5,2024-08-21 10:50:00
2024-08-22 11:05:00,-0.009004985037713686,4.1555467546544875,16,600,2.0,0.5,price_compare,5,2024-08-22 11:05:00
2024-08-23 11:20:00,-0.01033301228025201,4.051962410360856,16,600,2.0,0.5,price_compare,5,2024-08-23 11:20:00
2024-08-26 13:05:00,-0.01717787019490665,4.529408805170014,16,600,2.0,0.5,price_compare,5,2024-08-26 13:05:00
2024-08-27 13:20:00,-0.01717097775928428,4.562127452352219,16,600,2.0,0.5,price_compare,5,2024-08-27 13:20:00
2024-08-28 13:35:00,-0.001177219468125165,4.743704497092813,16,600,2.0,0.5,price_compare,5,2024-08-28 13:35:00
2024-08-29 13:50:00,-0.0021916272609124473,4.49668432237798,16,600,2.0,0.5,price_compare,5,2024-08-29 13:50:00
2024-08-30 14:05:00,-0.007341721477476594,4.701676241061707,16,600,2.0,0.5,price_compare,5,2024-08-30 14:05:00
2024-09-02 14:20:00,-0.002072632899392458,4.439222038238801,16,600,2.0,0.5,price_compare,5,2024-09-02 14:20:00
2024-09-03 14:35:00,0.0035090120287433984,4.463217616437503,16,600,2.0,0.5,price_compare,5,2024-09-03 14:35:00
2024-09-04 14:50:00,-0.004485332158987108,4.528400066317607,16,600,2.0,0.5,price_compare,5,2024-09-04 14:50:00
2024-09-05 15:05:00,-0.010265248539288084,4.629192105393134,16,600,2.0,0.5,price_compare,5,2024-09-05 15:05:00
2024-09-09 09:35:00,-0.014659448361008066,4.328265122502936,16,600,2.0,0.5,price_compare,5,2024-09-09 09:35:00
2024-09-10 09:50:00,-0.025604144357664553,4.580437624366705,16,600,2.0,0.5,price_compare,5,2024-09-10 09:50:00
2024-09-11 10:05:00,-0.029746398627412123,4.680920712662909,16,600,2.0,0.5,price_compare,5,2024-09-11 10:05:00
2024-09-12 10:20:00,-0.03338380631598388,4.800776467880298,16,600,2.0,0.5,price_compare,5,2024-09-12 10:20:00
2024-09-13 10:35:00,-0.033742914337705224,5.059261567555632,16,600,2.0,0.5,price_compare,5,2024-09-13 10:35:00
2024-09-18 10:50:00,-0.016746029599936724,5.47116747812888,16,600,2.0,0.5,price_compare,5,2024-09-18 10:50:00
2024-09-19 11:05:00,-0.006978694898921709,5.408537066618138,16,600,2.0,0.5,price_compare,5,2024-09-19 11:05:00
2024-09-20 11:20:00,-0.008542406813494977,5.288289567110764,16,600,2.0,0.5,price_compare,5,2024-09-20 11:20:00
2024-09-23 13:05:00,9.31601684732877e-05,5.379622077588899,16,600,2.0,0.5,price_compare,5,2024-09-23 13:05:00
2024-09-24 13:20:00,0.0006817492036272461,4.822460828700592,16,600,2.0,0.5,price_compare,5,2024-09-24 13:20:00
2024-09-25 13:35:00,0.009311682727568965,4.399454042110395,16,600,2.0,0.5,price_compare,5,2024-09-25 13:35:00
2024-09-26 13:50:00,0.005609678759031562,4.38799721906976,16,600,2.0,0.5,price_compare,5,2024-09-26 13:50:00
2024-09-27 14:05:00,-0.006197710601265451,5.408901782358242,16,600,2.0,0.5,price_compare,5,2024-09-27 14:05:00
2024-09-30 14:20:00,0.007370814922184362,4.94178519007993,16,600,2.0,0.5,price_compare,5,2024-09-30 14:20:00
2024-10-08 14:35:00,0.0024665405959857353,4.282931701484979,16,600,2.0,0.5,price_compare,5,2024-10-08 14:35:00
2024-10-09 14:50:00,-0.0024507796394091083,4.484536920996326,16,600,2.0,0.5,price_compare,5,2024-10-09 14:50:00
2024-10-10 15:05:00,-0.010307114606303982,4.908544692019303,16,600,2.0,0.5,price_compare,5,2024-10-10 15:05:00
2024-10-14 09:35:00,-0.026286869958142355,4.859283897728211,16,600,2.0,0.5,price_compare,5,2024-10-14 09:35:00
2024-10-15 09:50:00,-0.02131601489058224,4.522922924412015,16,600,2.0,0.5,price_compare,5,2024-10-15 09:50:00
2024-10-16 10:05:00,-0.020026892113176376,4.504922182533286,16,600,2.0,0.5,price_compare,5,2024-10-16 10:05:00
2024-10-17 10:20:00,-0.027529515856472543,4.318884639550593,16,600,2.0,0.5,price_compare,5,2024-10-17 10:20:00
2024-10-18 10:35:00,-0.020852969106709834,4.5580750531733,16,600,2.0,0.5,price_compare,5,2024-10-18 10:35:00
2024-10-21 10:50:00,-0.030760027846094194,4.745780492251475,16,600,2.0,0.5,price_compare,5,2024-10-21 10:50:00
2024-10-22 11:05:00,-0.03063595701263708,4.666205354270343,16,600,2.0,0.5,price_compare,5,2024-10-22 11:05:00
2024-10-23 11:20:00,-0.035819024452752576,4.8132453130237005,16,600,2.0,0.5,price_compare,5,2024-10-23 11:20:00
2024-10-24 13:05:00,-0.028536469834493358,4.471190163282392,16,600,2.0,0.5,price_compare,5,2024-10-24 13:05:00
2024-10-25 13:20:00,-0.034629226757489195,4.459177642919822,16,600,2.0,0.5,price_compare,5,2024-10-25 13:20:00
2024-10-28 13:35:00,-0.02856044647578126,4.479997485505358,16,600,2.0,0.5,price_compare,5,2024-10-28 13:35:00
2024-10-29 13:50:00,-0.0111335689180788,4.131625512555355,16,600,2.0,0.5,price_compare,5,2024-10-29 13:50:00
2024-10-30 14:05:00,-0.024300942373994338,4.108910977674012,16,600,2.0,0.5,price_compare,5,2024-10-30 14:05:00
2024-10-31 14:20:00,-0.022501649259754276,3.97119462369017,16,600,2.0,0.5,price_compare,5,2024-10-31 14:20:00
2024-11-01 14:35:00,-0.022476556870682896,4.262842012907123,16,600,2.0,0.5,price_compare,5,2024-11-01 14:35:00
2024-11-04 14:50:00,-0.01970167749478759,4.172874489275866,16,600,2.0,0.5,price_compare,5,2024-11-04 14:50:00
2024-11-05 15:05:00,-0.018990771820541433,4.2240705193615655,16,600,2.0,0.5,price_compare,5,2024-11-05 15:05:00
2024-11-07 09:35:00,-0.020398091649373902,4.445241708906741,16,600,2.0,0.5,price_compare,5,2024-11-07 09:35:00
2024-11-08 09:50:00,-0.023392131988934802,4.3700732295836735,16,600,2.0,0.5,price_compare,5,2024-11-08 09:50:00
2024-11-11 10:05:00,-0.030375360869063582,4.736448500100588,16,600,2.0,0.5,price_compare,5,2024-11-11 10:05:00
2024-11-12 10:20:00,-0.02929642874902458,4.713752295607323,16,600,2.0,0.5,price_compare,5,2024-11-12 10:20:00
2024-11-13 10:35:00,-0.022019923675733594,4.6899338291671375,16,600,2.0,0.5,price_compare,5,2024-11-13 10:35:00
2024-11-14 10:50:00,-0.022625469059038464,5.328828239673459,16,600,2.0,0.5,price_compare,5,2024-11-14 10:50:00
2024-11-15 11:05:00,-0.016636179582072058,5.374430462591162,16,600,2.0,0.5,price_compare,5,2024-11-15 11:05:00
2024-11-18 11:20:00,-0.02549249261404996,5.766523338119896,16,600,2.0,0.5,price_compare,5,2024-11-18 11:20:00
2024-11-19 13:05:00,-0.01716935482892164,6.041958335117498,16,600,2.0,0.5,price_compare,5,2024-11-19 13:05:00
2024-11-20 13:20:00,-0.013112265718799126,5.730434754610965,16,600,2.0,0.5,price_compare,5,2024-11-20 13:20:00
2024-11-21 13:35:00,-0.02534199003119625,5.949944401313732,16,600,2.0,0.5,price_compare,5,2024-11-21 13:35:00
2024-11-22 13:50:00,-0.026766102934162907,6.151616681897394,16,600,2.0,0.5,price_compare,5,2024-11-22 13:50:00
2024-11-25 14:05:00,-0.015196396510761321,6.509131648718473,16,600,2.0,0.5,price_compare,5,2024-11-25 14:05:00
2024-11-26 14:20:00,-0.008074546706946198,6.291283562286362,16,600,2.0,0.5,price_compare,5,2024-11-26 14:20:00
2024-11-27 14:35:00,-0.014760420902863027,6.4841515328898,16,600,2.0,0.5,price_compare,5,2024-11-27 14:35:00
2024-11-28 14:50:00,-0.011259581203648464,6.355368292708667,16,600,2.0,0.5,price_compare,5,2024-11-28 14:50:00
2024-11-29 15:05:00,-0.02652474779305427,6.386430135089914,16,600,2.0,0.5,price_compare,5,2024-11-29 15:05:00
2024-12-03 09:35:00,-0.027625355466715223,6.667800931388273,16,600,2.0,0.5,price_compare,5,2024-12-03 09:35:00
2024-12-04 09:50:00,-0.049284959869342074,6.737473142164167,16,600,2.0,0.5,price_compare,5,2024-12-04 09:50:00
2024-12-05 10:05:00,-0.05908482466089272,6.69525186985961,16,600,2.0,0.5,price_compare,5,2024-12-05 10:05:00
2024-12-06 10:20:00,-0.05942338405681312,6.61251144873407,16,600,2.0,0.5,price_compare,5,2024-12-06 10:20:00
2024-12-09 10:35:00,-0.06003087644208748,6.353266356972484,16,600,2.0,0.5,price_compare,5,2024-12-09 10:35:00
2024-12-10 10:50:00,-0.06510662964540068,6.051236620428511,16,600,2.0,0.5,price_compare,5,2024-12-10 10:50:00
2024-12-11 11:05:00,-0.08206546928684204,5.864559882623242,16,600,2.0,0.5,price_compare,5,2024-12-11 11:05:00
2024-12-12 11:20:00,-0.07554005136844177,5.9329255841219055,16,600,2.0,0.5,price_compare,5,2024-12-12 11:20:00
2024-12-13 13:05:00,-0.07539858706941864,6.135987603613425,16,600,2.0,0.5,price_compare,5,2024-12-13 13:05:00
2024-12-16 13:20:00,-0.07140742783248125,6.092483445878433,16,600,2.0,0.5,price_compare,5,2024-12-16 13:20:00
2024-12-17 13:35:00,-0.08033516372252575,5.578298026527245,16,600,2.0,0.5,price_compare,5,2024-12-17 13:35:00
2024-12-18 13:50:00,-0.07311857569015585,5.9828301858412445,16,600,2.0,0.5,price_compare,5,2024-12-18 13:50:00
2024-12-19 14:05:00,-0.06327767371378351,5.857213333397166,16,600,2.0,0.5,price_compare,5,2024-12-19 14:05:00
2024-12-20 14:20:00,-0.07545910323059166,5.726235801523719,16,600,2.0,0.5,price_compare,5,2024-12-20 14:20:00
2024-12-23 14:35:00,-0.07807405582444196,6.07160726988372,16,600,2.0,0.5,price_compare,5,2024-12-23 14:35:00
2024-12-24 14:50:00,-0.07940996644189689,6.118860235358813,16,600,2.0,0.5,price_compare,5,2024-12-24 14:50:00
2024-12-25 15:05:00,-0.05330675231409692,6.317173737343277,16,600,2.0,0.5,price_compare,5,2024-12-25 15:05:00
2024-12-27 09:35:00,-0.050313874537740694,5.105489136221188,16,600,2.0,0.5,price_compare,5,2024-12-27 09:35:00
2024-12-30 09:50:00,-0.054113470708667594,5.51941067470322,16,600,2.0,0.5,price_compare,5,2024-12-30 09:50:00
2024-12-31 10:05:00,-0.03963167457730644,6.095511431799669,16,600,2.0,0.5,price_compare,5,2024-12-31 10:05:00
2025-01-02 10:20:00,-0.023918164428742512,7.226734574141555,16,600,2.0,0.5,price_compare,5,2025-01-02 10:20:00
2025-01-03 10:35:00,-0.025453765634848132,7.088205115699826,16,600,2.0,0.5,price_compare,5,2025-01-03 10:35:00
2025-01-06 10:50:00,-0.031190699089335708,6.3556298420572945,16,600,2.0,0.5,price_compare,5,2025-01-06 10:50:00
2025-01-07 11:05:00,-0.024315310321660157,6.466798211229105,16,600,2.0,0.5,price_compare,5,2025-01-07 11:05:00
2025-01-08 11:20:00,-0.0327814708233036,7.107605518403248,16,600,2.0,0.5,price_compare,5,2025-01-08 11:20:00
2025-01-09 13:05:00,-0.0320527389976271,7.056255441363549,16,600,2.0,0.5,price_compare,5,2025-01-09 13:05:00
2025-01-10 13:20:00,-0.02380149502555177,6.849610590634998,16,600,2.0,0.5,price_compare,5,2025-01-10 13:20:00
2025-01-13 13:35:00,-0.03970357131917772,6.4693173944512,16,600,2.0,0.5,price_compare,5,2025-01-13 13:35:00
2025-01-14 13:50:00,-0.026341484919825728,6.680783891435015,16,600,2.0,0.5,price_compare,5,2025-01-14 13:50:00
2025-01-15 14:05:00,-0.028717516057422614,6.864854273901099,16,600,2.0,0.5,price_compare,5,2025-01-15 14:05:00
2025-01-16 14:20:00,-0.018669281172752548,6.637033267180296,16,600,2.0,0.5,price_compare,5,2025-01-16 14:20:00
2025-01-17 14:35:00,-0.01948287312685352,6.554723171437192,16,600,2.0,0.5,price_compare,5,2025-01-17 14:35:00
2025-01-20 14:50:00,-0.022657052608759987,6.603085359621679,16,600,2.0,0.5,price_compare,5,2025-01-20 14:50:00
2025-01-21 15:05:00,-0.023848803140603825,6.68467513470328,16,600,2.0,0.5,price_compare,5,2025-01-21 15:05:00
2025-01-23 09:35:00,-0.022134478035328736,6.538071439164415,16,600,2.0,0.5,price_compare,5,2025-01-23 09:35:00
2025-01-24 09:50:00,-0.019377742936810688,6.395755067087583,16,600,2.0,0.5,price_compare,5,2025-01-24 09:50:00
2025-01-27 10:05:00,-0.02404412672803871,6.739644964410392,16,600,2.0,0.5,price_compare,5,2025-01-27 10:05:00
2025-02-05 10:20:00,-0.007499896225413915,6.447440998280559,16,600,2.0,0.5,price_compare,5,2025-02-05 10:20:00
2025-02-06 10:35:00,-0.016091640870751222,6.767497160587476,16,600,2.0,0.5,price_compare,5,2025-02-06 10:35:00
2025-02-07 10:50:00,-0.009097330601089079,6.623627787304181,16,600,2.0,0.5,price_compare,5,2025-02-07 10:50:00
2025-02-10 11:05:00,-0.014086334536355842,6.4420540827729935,16,600,2.0,0.5,price_compare,5,2025-02-10 11:05:00
2025-02-11 11:20:00,0.004716253701322249,6.279708838987462,16,600,2.0,0.5,price_compare,5,2025-02-11 11:20:00
2025-02-12 13:05:00,0.009181764534832403,6.459028436978015,16,600,2.0,0.5,price_compare,5,2025-02-12 13:05:00
2025-02-13 13:20:00,0.01427422745985204,6.292886447984904,16,600,2.0,0.5,price_compare,5,2025-02-13 13:20:00
2025-02-14 13:35:00,0.012353467333586164,6.22449814827557,16,600,2.0,0.5,price_compare,5,2025-02-14 13:35:00
2025-02-17 13:50:00,0.01029902711580251,5.957711800043515,16,600,2.0,0.5,price_compare,5,2025-02-17 13:50:00
2025-02-18 14:05:00,0.0216873371454308,6.160895340619332,16,600,2.0,0.5,price_compare,5,2025-02-18 14:05:00
2025-02-19 14:20:00,0.01215631332334149,5.95674896154658,16,600,2.0,0.5,price_compare,5,2025-02-19 14:20:00
2025-02-20 14:35:00,0.0006613621336373009,6.350837267756384,16,600,2.0,0.5,price_compare,5,2025-02-20 14:35:00
2025-02-21 14:50:00,-0.0011711514514047537,6.480480404346335,16,600,2.0,0.5,price_compare,5,2025-02-21 14:50:00
2025-02-24 15:05:00,0.001063838672443498,6.713528680394911,16,600,2.0,0.5,price_compare,5,2025-02-24 15:05:00
2025-02-26 09:35:00,0.0025530571911514853,5.98704716722384,16,600,2.0,0.5,price_compare,5,2025-02-26 09:35:00
2025-02-27 09:50:00,0.025257361834399767,5.603379611100665,16,600,2.0,0.5,price_compare,5,2025-02-27 09:50:00
2025-02-28 10:05:00,0.029829104853269128,5.478986536137931,16,600,2.0,0.5,price_compare,5,2025-02-28 10:05:00
2025-03-03 10:20:00,0.026994680482496553,5.98402805835327,16,600,2.0,0.5,price_compare,5,2025-03-03 10:20:00
2025-03-04 10:35:00,0.03155115981433131,5.944687818342843,16,600,2.0,0.5,price_compare,5,2025-03-04 10:35:00
2025-03-05 10:50:00,0.032524586923328984,5.943694145985188,16,600,2.0,0.5,price_compare,5,2025-03-05 10:50:00
2025-03-06 11:05:00,0.023676862564162453,5.771245084044137,16,600,2.0,0.5,price_compare,5,2025-03-06 11:05:00
2025-03-07 11:20:00,0.04498068923118301,6.197465817308928,16,600,2.0,0.5,price_compare,5,2025-03-07 11:20:00
2025-03-10 13:05:00,0.04601330590661136,6.012842967237822,16,600,2.0,0.5,price_compare,5,2025-03-10 13:05:00
2025-03-11 13:20:00,0.06769414189109664,6.514870191267298,16,600,2.0,0.5,price_compare,5,2025-03-11 13:20:00
2025-03-12 13:35:00,0.0933916792805352,7.264779760043265,16,600,2.0,0.5,price_compare,5,2025-03-12 13:35:00
2025-03-13 13:50:00,0.08052542706291332,6.679290132931475,16,600,2.0,0.5,price_compare,5,2025-03-13 13:50:00
2025-03-14 14:05:00,0.08542916924980459,6.59982325498949,16,600,2.0,0.5,price_compare,5,2025-03-14 14:05:00
2025-03-17 14:20:00,0.08566612738312729,7.041353391442987,16,600,2.0,0.5,price_compare,5,2025-03-17 14:20:00
2025-03-18 14:35:00,0.08913896146050275,6.629425147771534,16,600,2.0,0.5,price_compare,5,2025-03-18 14:35:00
2025-03-19 14:50:00,0.09162963848300237,6.62389292613293,16,600,2.0,0.5,price_compare,5,2025-03-19 14:50:00
2025-03-20 15:05:00,0.10556732627083967,6.028175822467712,16,600,2.0,0.5,price_compare,5,2025-03-20 15:05:00
2025-03-24 09:35:00,0.10191424597876174,5.7089312151014875,16,600,2.0,0.5,price_compare,5,2025-03-24 09:35:00
2025-03-25 09:50:00,0.10871185709075631,6.202149398441928,16,600,2.0,0.5,price_compare,5,2025-03-25 09:50:00
2025-03-26 10:05:00,0.09514158234902816,5.625059487310716,16,600,2.0,0.5,price_compare,5,2025-03-26 10:05:00
2025-03-27 10:20:00,0.08654125268063571,6.104601643180437,16,600,2.0,0.5,price_compare,5,2025-03-27 10:20:00
2025-03-28 10:35:00,0.09081574203191192,5.632402038993909,16,600,2.0,0.5,price_compare,5,2025-03-28 10:35:00
2025-03-31 10:50:00,0.08391287087003299,5.651267365773003,16,600,2.0,0.5,price_compare,5,2025-03-31 10:50:00
2025-04-01 11:05:00,0.08414792086769911,5.809380595826061,16,600,2.0,0.5,price_compare,5,2025-04-01 11:05:00
2025-04-02 11:20:00,0.06458785411989007,5.568326149402632,16,600,2.0,0.5,price_compare,5,2025-04-02 11:20:00
2025-04-03 13:05:00,0.0557789106957033,5.776769952770458,16,600,2.0,0.5,price_compare,5,2025-04-03 13:05:00
2025-04-07 13:20:00,0.06638755357899143,5.606349675126368,16,600,2.0,0.5,price_compare,5,2025-04-07 13:20:00
2025-04-08 13:35:00,0.04576316040783796,5.584515640623786,16,600,2.0,0.5,price_compare,5,2025-04-08 13:35:00
2025-04-09 13:50:00,0.05172065810648627,5.604249777824277,16,600,2.0,0.5,price_compare,5,2025-04-09 13:50:00
2025-04-10 14:05:00,0.04058256647286187,5.607291189402109,16,600,2.0,0.5,price_compare,5,2025-04-10 14:05:00
2025-04-11 14:20:00,0.04095200530332779,5.537869195842333,16,600,2.0,0.5,price_compare,5,2025-04-11 14:20:00
2025-04-14 14:35:00,0.03404797487831338,5.294360380290442,16,600,2.0,0.5,price_compare,5,2025-04-14 14:35:00
2025-04-15 14:50:00,0.028638960473957295,5.74198043963376,16,600,2.0,0.5,price_compare,5,2025-04-15 14:50:00
2025-04-16 15:05:00,0.023792590029186485,5.454873506859,16,600,2.0,0.5,price_compare,5,2025-04-16 15:05:00
2025-04-18 09:35:00,0.024195715431652706,5.192419776341504,16,600,2.0,0.5,price_compare,5,2025-04-18 09:35:00
2025-04-21 09:50:00,0.031977971049453345,5.083825428752707,16,600,2.0,0.5,price_compare,5,2025-04-21 09:50:00
2025-04-22 10:05:00,0.022990812584807382,5.294717917557254,16,600,2.0,0.5,price_compare,5,2025-04-22 10:05:00
2025-04-23 10:20:00,0.024331964265228396,5.287482968152448,16,600,2.0,0.5,price_compare,5,2025-04-23 10:20:00
2025-04-24 10:35:00,0.0118484648385307,5.208403564311677,16,600,2.0,0.5,price_compare,5,2025-04-24 10:35:00
2025-04-25 10:50:00,0.011918428026526649,5.0153024373983515,16,600,2.0,0.5,price_compare,5,2025-04-25 10:50:00
2025-04-28 11:05:00,0.020404554304971293,5.279174441849927,16,600,2.0,0.5,price_compare,5,2025-04-28 11:05:00
2025-04-29 11:20:00,0.01057634854136847,5.589526266671764,16,600,2.0,0.5,price_compare,5,2025-04-29 11:20:00
2025-04-30 13:05:00,0.01920695076725619,5.453892025261154,16,600,2.0,0.5,price_compare,5,2025-04-30 13:05:00
2025-05-06 13:20:00,0.015449104634699125,5.11954692823611,16,600,2.0,0.5,price_compare,5,2025-05-06 13:20:00
2025-05-07 13:35:00,0.004377872480495217,5.100956334997045,16,600,2.0,0.5,price_compare,5,2025-05-07 13:35:00
2025-05-08 13:50:00,0.004389046550225088,5.192130259716385,16,600,2.0,0.5,price_compare,5,2025-05-08 13:50:00
2025-05-09 14:05:00,0.007408786682364747,5.317606433130242,16,600,2.0,0.5,price_compare,5,2025-05-09 14:05:00
2025-05-12 14:20:00,0.003324096188670357,5.323117552377461,16,600,2.0,0.5,price_compare,5,2025-05-12 14:20:00
2025-05-13 14:35:00,0.0017598782399944354,5.431106617370493,16,600,2.0,0.5,price_compare,5,2025-05-13 14:35:00
2025-05-14 14:50:00,-0.012177120631685493,5.837834075476307,16,600,2.0,0.5,price_compare,5,2025-05-14 14:50:00
2025-05-15 15:05:00,-0.02023581150828106,5.664962969488644,16,600,2.0,0.5,price_compare,5,2025-05-15 15:05:00
2025-05-19 09:35:00,-0.02431958016762676,5.274026410804004,16,600,2.0,0.5,price_compare,5,2025-05-19 09:35:00
2025-05-20 09:50:00,-0.013791710379423835,5.50453680441751,16,600,2.0,0.5,price_compare,5,2025-05-20 09:50:00
2025-05-21 10:05:00,-0.005109987319749645,5.543625052141306,16,600,2.0,0.5,price_compare,5,2025-05-21 10:05:00
2025-05-22 10:20:00,-0.003937145068435276,5.231204622921696,16,600,2.0,0.5,price_compare,5,2025-05-22 10:20:00
2025-05-23 10:35:00,0.002154173867396573,4.794175792913108,16,600,2.0,0.5,price_compare,5,2025-05-23 10:35:00
2025-05-26 10:50:00,0.002811576027256223,5.0669259935909015,16,600,2.0,0.5,price_compare,5,2025-05-26 10:50:00
2025-05-27 11:05:00,-0.00039881418061435365,5.190771219969558,16,600,2.0,0.5,price_compare,5,2025-05-27 11:05:00
2025-05-28 11:20:00,0.0010957076826285815,5.239729514462765,16,600,2.0,0.5,price_compare,5,2025-05-28 11:20:00
2025-05-29 13:05:00,0.014180528121446831,5.281064652120542,16,600,2.0,0.5,price_compare,5,2025-05-29 13:05:00
2025-05-30 13:20:00,-0.023507393243619105,4.391836563305862,16,600,2.0,0.5,price_compare,5,2025-05-30 13:20:00
2025-06-03 13:35:00,-0.027963918978772803,4.522250960071239,16,600,2.0,0.5,price_compare,5,2025-06-03 13:35:00
2025-06-04 13:50:00,-0.028031939717880552,4.627371481600219,16,600,2.0,0.5,price_compare,5,2025-06-04 13:50:00
2025-06-05 14:05:00,-0.03195704043956932,4.292414261212207,16,600,2.0,0.5,price_compare,5,2025-06-05 14:05:00
2025-06-06 14:20:00,-0.03285450164351648,4.307230993535277,20,800,2.0,0.5,price_compare,5,2025-06-06 14:20:00
2025-06-09 14:35:00,-0.017540167996649703,4.096284517847946,16,600,2.0,0.5,price_compare,5,2025-06-09 14:35:00
2025-06-10 14:50:00,-0.02223933195653723,3.8178721389712824,16,600,2.0,0.5,price_compare,5,2025-06-10 14:50:00
2025-06-11 15:05:00,-0.02628705424929037,4.289836368222948,16,600,2.0,0.5,price_compare,5,2025-06-11 15:05:00
2025-06-13 09:35:00,-0.04491079809316984,4.168382188508599,16,600,2.0,0.5,price_compare,5,2025-06-13 09:35:00
2025-06-16 09:50:00,-0.063101727433104,3.6237071099660074,16,600,2.0,0.5,price_compare,5,2025-06-16 09:50:00
2025-06-17 10:05:00,-0.05633824268391261,3.621396968422754,16,600,2.0,0.5,price_compare,5,2025-06-17 10:05:00
2025-06-18 10:20:00,-0.06946668081573124,3.762095061969013,16,600,2.0,0.5,price_compare,5,2025-06-18 10:20:00
2025-06-19 10:35:00,-0.06560805663507098,4.654419095613414,16,600,2.0,0.5,price_compare,5,2025-06-19 10:35:00
2025-06-20 10:50:00,-0.04124563440298304,4.711074876859088,16,600,2.0,0.5,price_compare,5,2025-06-20 10:50:00
2025-06-23 11:05:00,-0.05069842268095193,5.039029678023673,16,600,2.0,0.5,price_compare,5,2025-06-23 11:05:00
2025-06-24 11:20:00,-0.06567721866539981,4.416580256484942,16,600,2.0,0.5,price_compare,5,2025-06-24 11:20:00
2025-06-25 13:05:00,-0.047175730600129175,4.682010878683087,16,600,2.0,0.5,price_compare,5,2025-06-25 13:05:00
2025-06-26 13:20:00,-0.02942623883332325,4.581542854025601,16,600,2.0,0.5,price_compare,5,2025-06-26 13:20:00
2025-06-27 13:35:00,-0.010659956816466089,4.276373805771445,16,600,2.0,0.5,price_compare,5,2025-06-27 13:35:00
2025-06-30 13:50:00,-0.007091704006179813,4.6943128782228785,16,600,2.0,0.5,price_compare,5,2025-06-30 13:50:00
2025-07-01 14:05:00,0.0064436210959133355,4.8863893431267265,20,800,2.0,0.5,price_compare,5,2025-07-01 14:05:00
2025-07-02 14:20:00,0.020639301703384703,4.865400524555015,16,600,2.0,0.5,price_compare,5,2025-07-02 14:20:00
2025-07-03 14:35:00,0.013022597394566238,3.993869427657279,16,600,2.0,0.5,price_compare,5,2025-07-03 14:35:00
2025-07-04 14:50:00,0.00822170651195209,4.3688912328636285,16,600,2.0,0.5,price_compare,5,2025-07-04 14:50:00
2025-07-07 15:05:00,0.016257648200114765,4.250047924069475,16,600,2.0,0.5,price_compare,5,2025-07-07 15:05:00
2025-07-09 09:35:00,-0.005019890620965589,4.7765271727258565,16,600,2.0,0.5,price_compare,5,2025-07-09 09:35:00
2025-07-10 09:50:00,0.008229035470813302,4.952293738236124,16,600,2.0,0.5,price_compare,5,2025-07-10 09:50:00
2025-07-11 10:05:00,-0.013870732128235704,4.8821102386797754,20,800,2.0,0.5,price_compare,5,2025-07-11 10:05:00
2025-07-14 10:20:00,-0.015762438649212136,5.116621328893823,16,600,2.0,0.5,price_compare,5,2025-07-14 10:20:00
2025-07-15 10:35:00,-0.01144971930425223,5.409851950177588,16,600,2.0,0.5,price_compare,5,2025-07-15 10:35:00
2025-07-16 10:50:00,0.0016228953099630423,5.828631056205417,16,600,2.0,0.5,price_compare,5,2025-07-16 10:50:00
2025-07-17 11:05:00,0.012310719147917017,5.6950228429940735,16,600,2.0,0.5,price_compare,5,2025-07-17 11:05:00
2025-07-18 11:20:00,0.02214847323564371,5.582085158507696,16,600,2.0,0.5,price_compare,5,2025-07-18 11:20:00
2025-07-21 13:05:00,0.01580810824969869,5.989510678814155,16,600,2.0,0.5,price_compare,5,2025-07-21 13:05:00
2025-07-22 13:20:00,0.007384747557536578,6.367541656614854,16,600,2.0,0.5,price_compare,5,2025-07-22 13:20:00
2025-07-23 13:35:00,0.005389642901542556,6.9534872152922995,16,600,2.0,0.5,price_compare,5,2025-07-23 13:35:00
2025-07-24 13:50:00,0.008773633839573705,6.64078639898418,16,600,2.0,0.5,price_compare,5,2025-07-24 13:50:00
2025-07-25 14:05:00,0.005253091157871999,6.46752765006107,16,600,2.0,0.5,price_compare,5,2025-07-25 14:05:00
2025-07-28 14:20:00,0.006179983700354236,6.1936320801874425,16,600,2.0,0.5,price_compare,5,2025-07-28 14:20:00
2025-07-29 14:35:00,-0.00831160372926264,6.595204194064543,16,600,2.0,0.5,price_compare,5,2025-07-29 14:35:00
2025-07-30 14:50:00,0.009879500264909722,6.9656141720094045,16,600,2.0,0.5,price_compare,5,2025-07-30 14:50:00
2025-07-31 15:05:00,0.026594110459020517,7.254947096006348,16,600,2.0,0.5,price_compare,5,2025-07-31 15:05:00
2025-08-04 09:35:00,0.028312919775474225,7.09427799107638,16,600,2.0,0.5,price_compare,5,2025-08-04 09:35:00
2025-08-05 09:50:00,0.019296801459539065,6.663432306703347,16,600,2.0,0.5,price_compare,5,2025-08-05 09:50:00
2025-08-06 10:05:00,0.005492099009348593,6.546820198043019,16,600,2.0,0.5,price_compare,5,2025-08-06 10:05:00
2025-08-07 10:20:00,0.004057458196826671,6.785534318836651,16,600,2.0,0.5,price_compare,5,2025-08-07 10:20:00
2025-08-08 10:35:00,-0.00957292864105701,6.514298861809204,16,600,2.0,0.5,price_compare,5,2025-08-08 10:35:00
2025-08-11 10:50:00,-0.007042653662772215,6.325355138144091,16,600,2.0,0.5,price_compare,5,2025-08-11 10:50:00
2025-08-12 11:05:00,0.007627258635335409,7.000504894670268,16,600,2.0,0.5,price_compare,5,2025-08-12 11:05:00
2025-08-13 11:20:00,0.01683453583737971,6.60186818507915,16,600,2.0,0.5,price_compare,5,2025-08-13 11:20:00
2025-08-14 13:05:00,0.029410638071064827,6.745700747407371,16,600,2.0,0.5,price_compare,5,2025-08-14 13:05:00
2025-08-15 13:20:00,0.010472372915082006,6.569030667827946,16,600,2.0,0.5,price_compare,5,2025-08-15 13:20:00
2025-08-18 13:35:00,-0.001476708909060189,7.510277776107434,16,600,2.0,0.5,price_compare,5,2025-08-18 13:35:00
2025-08-19 13:50:00,-0.03050178853655739,7.38486773802335,16,600,2.0,0.5,price_compare,5,2025-08-19 13:50:00
2025-08-20 14:05:00,-0.028475735116104847,6.912991333827924,16,600,2.0,0.5,price_compare,5,2025-08-20 14:05:00
2025-08-21 14:20:00,-0.0253061833584762,6.999333397925102,16,600,2.0,0.5,price_compare,5,2025-08-21 14:20:00
2025-08-22 14:35:00,-0.01969580671971501,7.392032022229215,16,600,2.0,0.5,price_compare,5,2025-08-22 14:35:00
2025-08-25 14:50:00,-0.03322421543478358,6.585853823315089,16,600,2.0,0.5,price_compare,5,2025-08-25 14:50:00
2025-08-26 15:05:00,-0.05929324100375046,6.825183468687372,16,600,2.0,0.5,price_compare,5,2025-08-26 15:05:00
2025-08-28 09:35:00,-0.03655258551123016,6.940427772354964,16,600,2.0,0.5,price_compare,5,2025-08-28 09:35:00
2025-08-29 09:50:00,-0.03551677612087842,7.153914482728891,16,600,2.0,0.5,price_compare,5,2025-08-29 09:50:00
2025-09-01 10:05:00,-0.03436067670958077,6.870980058426631,16,600,2.0,0.5,price_compare,5,2025-09-01 10:05:00
2025-09-02 10:20:00,-0.048628857004087186,6.574157261260686,16,600,2.0,0.5,price_compare,5,2025-09-02 10:20:00
2025-09-03 10:35:00,-0.0610151189721342,6.196210711787918,16,600,2.0,0.5,price_compare,5,2025-09-03 10:35:00
2025-09-04 10:50:00,-0.06233754153013776,6.332794439004743,16,600,2.0,0.5,price_compare,5,2025-09-04 10:50:00
2025-09-05 11:05:00,-0.07430093784194912,6.3761200499532595,16,600,2.0,0.5,price_compare,5,2025-09-05 11:05:00
2025-09-08 11:20:00,-0.08201193031821817,6.492946711377443,16,600,2.0,0.5,price_compare,5,2025-09-08 11:20:00
2025-09-09 13:05:00,-0.0750394133302605,6.770786798316511,16,600,2.0,0.5,price_compare,5,2025-09-09 13:05:00
2025-09-10 13:20:00,-0.07781608218893671,6.821394699083957,16,600,2.0,0.5,price_compare,5,2025-09-10 13:20:00
2025-09-11 13:35:00,-0.08216589057803508,6.832316098628101,16,600,2.0,0.5,price_compare,5,2025-09-11 13:35:00
2025-09-12 13:50:00,-0.08670150180369603,6.529538152898154,16,600,2.0,0.5,price_compare,5,2025-09-12 13:50:00
2025-09-15 14:05:00,-0.08268561273695234,6.476381283035386,16,600,2.0,0.5,price_compare,5,2025-09-15 14:05:00
2025-09-16 14:20:00,-0.09456223588275478,6.1294618071167015,16,600,2.0,0.5,price_compare,5,2025-09-16 14:20:00
2025-09-17 14:35:00,-0.09598476823346792,6.2875932933132574,16,600,2.0,0.5,price_compare,5,2025-09-17 14:35:00
2025-09-18 14:50:00,-0.09808024918626854,6.178639202918182,16,600,2.0,0.5,price_compare,5,2025-09-18 14:50:00
2025-09-19 15:05:00,-0.11044310011414797,6.381300064414588,16,600,2.0,0.5,price_compare,5,2025-09-19 15:05:00
2025-09-23 09:35:00,-0.112774501302775,6.231921522428926,16,600,2.0,0.5,price_compare,5,2025-09-23 09:35:00
2025-09-24 09:50:00,-0.10598608295945204,6.027605477462493,20,800,2.0,0.5,price_compare,5,2025-09-24 09:50:00
2025-09-25 10:05:00,-0.10779300266122727,6.260476606725131,20,800,2.0,0.5,price_compare,5,2025-09-25 10:05:00
2025-09-26 10:20:00,-0.09585041861800084,5.768461382238855,20,800,2.0,0.5,price_compare,5,2025-09-26 10:20:00
2025-09-29 10:35:00,-0.07577352873894003,5.469526143892984,20,800,2.0,0.5,price_compare,5,2025-09-29 10:35:00
2025-09-30 10:50:00,-0.07845237662780655,6.240887808292214,20,800,2.0,0.5,price_compare,5,2025-09-30 10:50:00
2025-10-09 11:05:00,-0.08719108841236602,5.488279437082134,20,800,2.0,0.5,price_compare,5,2025-10-09 11:05:00
2025-10-10 11:20:00,-0.08567937152569834,5.158453769981508,20,800,2.0,0.5,price_compare,5,2025-10-10 11:20:00
2025-10-13 13:05:00,-0.08178972185162671,5.241056650514453,20,800,2.0,0.5,price_compare,5,2025-10-13 13:05:00
2025-10-14 13:20:00,-0.09048248468240874,4.890440735433062,20,800,2.0,0.5,price_compare,5,2025-10-14 13:20:00
2025-10-15 13:35:00,-0.09704687259765199,4.847798700362048,20,800,2.0,0.5,price_compare,5,2025-10-15 13:35:00
2025-10-16 13:50:00,-0.07449376726566151,5.030643060019426,20,800,2.0,0.5,price_compare,5,2025-10-16 13:50:00
2025-10-17 14:05:00,-0.056048413310477274,5.414842166083724,20,800,2.0,0.5,price_compare,5,2025-10-17 14:05:00
2025-10-20 14:20:00,-0.06053522227779184,4.85074309728296,20,800,2.0,0.5,price_compare,5,2025-10-20 14:20:00
2025-10-21 14:35:00,-0.06834249539186037,4.81102171278351,20,800,2.0,0.5,price_compare,5,2025-10-21 14:35:00
2025-10-22 14:50:00,-0.07866687320231912,4.599580657831261,20,800,2.0,0.5,price_compare,5,2025-10-22 14:50:00
2025-10-23 15:05:00,-0.07948603704700268,4.624591593131055,20,800,2.0,0.5,price_compare,5,2025-10-23 15:05:00
2025-10-27 09:35:00,-0.07789146181482058,4.6411429501062855,20,800,2.0,0.5,price_compare,5,2025-10-27 09:35:00
2025-10-28 09:50:00,-0.07071292105778614,5.508546057743088,20,800,2.0,0.5,price_compare,5,2025-10-28 09:50:00
2025-10-29 10:05:00,-0.07167313418061554,5.467410471471679,20,800,2.0,0.5,price_compare,5,2025-10-29 10:05:00
2025-10-30 10:20:00,-0.0469251556408235,5.093869898120196,20,800,2.0,0.5,price_compare,5,2025-10-30 10:20:00
2025-10-31 10:35:00,-0.04844883502541494,5.0498779736782495,20,800,2.0,0.5,price_compare,5,2025-10-31 10:35:00
2025-11-03 10:50:00,-0.031621556093321596,4.869454357535337,20,800,2.0,0.5,price_compare,5,2025-11-03 10:50:00
2025-11-04 11:05:00,-0.03682914189282804,4.7216416202610345,20,800,2.0,0.5,price_compare,5,2025-11-04 11:05:00
2025-11-05 11:20:00,-0.06071360434494904,4.955551906240489,20,800,2.0,0.5,price_compare,5,2025-11-05 11:20:00
2025-11-06 13:05:00,-0.0745989695084002,4.894154420683831,20,800,2.0,0.5,price_compare,5,2025-11-06 13:05:00
2025-11-07 13:20:00,-0.058924089888012246,4.876631878830708,20,800,2.0,0.5,price_compare,5,2025-11-07 13:20:00
2025-11-10 13:35:00,-0.049898908046515554,5.1284703181547355,20,800,2.0,0.5,price_compare,5,2025-11-10 13:35:00
2025-11-11 13:50:00,-0.0501225037912397,5.393235167223196,20,800,2.0,0.5,price_compare,5,2025-11-11 13:50:00
2025-11-12 14:05:00,-0.0473603208833224,5.030642386733957,20,800,2.0,0.5,price_compare,5,2025-11-12 14:05:00
2025-11-13 14:20:00,-0.051236769141385544,4.94190922733254,20,800,2.0,0.5,price_compare,5,2025-11-13 14:20:00
2025-11-14 14:35:00,-0.05727707474542727,4.42164969368329,20,800,2.0,0.5,price_compare,5,2025-11-14 14:35:00
2025-11-17 14:50:00,-0.05892151649962165,4.32550799130747,20,800,2.0,0.5,price_compare,5,2025-11-17 14:50:00
2025-11-18 15:05:00,-0.07365013775178662,4.384298453366928,20,800,2.0,0.5,price_compare,5,2025-11-18 15:05:00
2025-11-20 09:35:00,-0.06764250171096252,4.463489285585475,20,800,2.0,0.5,price_compare,5,2025-11-20 09:35:00
2025-11-21 09:50:00,-0.06609634496100947,4.043919657397763,20,800,2.0,0.5,price_compare,5,2025-11-21 09:50:00
2025-11-24 10:05:00,-0.05426773593731351,4.296723003737209,20,800,2.0,0.5,price_compare,5,2025-11-24 10:05:00
2025-11-25 10:20:00,-0.05762615894197421,4.913884738093058,20,800,2.0,0.5,price_compare,5,2025-11-25 10:20:00
2025-11-26 10:35:00,-0.03806598584594891,5.256653867900074,20,800,2.0,0.5,price_compare,5,2025-11-26 10:35:00
2025-11-27 10:50:00,-0.042871346802198965,5.253789927708206,20,800,2.0,0.5,price_compare,5,2025-11-27 10:50:00
2025-11-28 11:05:00,-0.042227688070122296,5.259836785007035,20,800,2.0,0.5,price_compare,5,2025-11-28 11:05:00
2025-12-01 11:20:00,-0.035423814141856365,4.869658737739906,20,800,2.0,0.5,price_compare,5,2025-12-01 11:20:00
2025-12-02 13:05:00,-0.03346720482600125,5.151377955540411,20,800,2.0,0.5,price_compare,5,2025-12-02 13:05:00
2025-12-03 13:20:00,-0.018163356228319067,5.6487777210472165,20,800,2.0,0.5,price_compare,5,2025-12-03 13:20:00
2025-12-04 13:35:00,-0.029146516365872267,5.813632156591616,20,800,2.0,0.5,price_compare,5,2025-12-04 13:35:00
2025-12-05 13:50:00,-0.009842409679649056,6.235873638758729,20,800,2.0,0.5,price_compare,5,2025-12-05 13:50:00
2025-12-08 14:05:00,-0.008687085115466881,5.570842997185901,20,800,2.0,0.5,price_compare,5,2025-12-08 14:05:00
2025-12-09 14:20:00,-0.014573979438783531,5.250347197329755,20,800,2.0,0.5,price_compare,5,2025-12-09 14:20:00
2025-12-10 14:35:00,0.00216170015243656,4.839089073447784,20,800,2.0,0.5,price_compare,5,2025-12-10 14:35:00
2025-12-11 14:50:00,0.005870284953118768,4.845318759435716,20,800,2.0,0.5,price_compare,5,2025-12-11 14:50:00
2025-12-12 15:05:00,0.0035502898819470656,4.721592995456997,20,800,2.0,0.5,price_compare,5,2025-12-12 15:05:00
2025-12-16 09:35:00,0.003634890435947826,5.529589949466868,20,800,2.0,0.5,price_compare,5,2025-12-16 09:35:00
2025-12-17 09:50:00,0.016048116530484227,5.600009687270091,20,800,2.0,0.5,price_compare,5,2025-12-17 09:50:00
2025-12-18 10:05:00,0.014883303736823297,5.0081846121915135,20,800,2.0,0.5,price_compare,5,2025-12-18 10:05:00
2025-12-19 10:20:00,0.02720606267935599,4.646060990828275,20,800,2.0,0.5,price_compare,5,2025-12-19 10:20:00
2025-12-22 10:35:00,0.02834204643687662,4.800510008372483,20,800,2.0,0.5,price_compare,5,2025-12-22 10:35:00
2025-12-23 10:50:00,0.045331376205241684,4.6570891205881475,20,800,2.0,0.5,price_compare,5,2025-12-23 10:50:00
2025-12-24 11:05:00,0.05849290894460752,4.6321655869289895,20,800,2.0,0.5,price_compare,5,2025-12-24 11:05:00
2025-12-25 11:20:00,0.0639189563903122,4.322876798946107,20,800,2.0,0.5,price_compare,5,2025-12-25 11:20:00
2025-12-26 13:05:00,0.05737619865611182,3.8834044371230747,20,800,2.0,0.5,price_compare,5,2025-12-26 13:05:00
2025-12-29 13:20:00,0.03626252070447854,3.4944437050613737,20,800,2.0,0.5,price_compare,5,2025-12-29 13:20:00
2025-12-30 13:40:00,0.05375282790378582,3.323718729902515,20,800,2.0,0.5,price_compare,5,2025-12-30 13:40:00
2025-12-31 13:55:00,0.04961399404368483,4.346111639064948,20,800,2.0,0.5,price_compare,5,2025-12-31 13:55:00
2026-01-05 14:20:00,0.030847201172010938,4.354006104903277,20,800,2.0,0.5,price_compare,5,2026-01-05 14:20:00
2026-01-06 14:35:00,0.032335134891780686,4.466873288242039,20,800,2.0,0.5,price_compare,5,2026-01-06 14:35:00
2026-01-07 14:50:00,0.049252621941890805,4.995281210322819,20,800,2.0,0.5,price_compare,5,2026-01-07 14:50:00
2026-01-08 15:05:00,0.0560931346258501,4.7002206877004955,20,800,2.0,0.5,price_compare,5,2026-01-08 15:05:00
2026-01-12 09:35:00,0.053019653539254016,4.512206322728837,20,800,2.0,0.5,price_compare,5,2026-01-12 09:35:00
2026-01-13 09:50:00,0.06661016467451353,4.2387941578042145,20,800,2.0,0.5,price_compare,5,2026-01-13 09:50:00
2026-01-14 10:05:00,0.08643532458129467,4.049250473874283,20,800,2.0,0.5,price_compare,5,2026-01-14 10:05:00
2026-01-15 10:20:00,0.06875409774606829,4.0280921046581435,20,800,2.0,0.5,price_compare,5,2026-01-15 10:20:00
2026-01-16 10:35:00,0.05597486975469082,3.867017080357738,20,800,2.0,0.5,price_compare,5,2026-01-16 10:35:00
2026-01-19 10:50:00,0.05014308275464225,3.9048398024140196,20,800,2.0,0.5,price_compare,5,2026-01-19 10:50:00
2026-01-20 11:05:00,0.0629275014835208,3.8265480217958054,20,800,2.0,0.5,price_compare,5,2026-01-20 11:05:00
2026-01-21 11:20:00,0.09040023059237816,3.8973018884544115,20,800,2.0,0.5,price_compare,5,2026-01-21 11:20:00
2026-01-22 13:05:00,0.10992874585784139,3.4834717726765643,20,800,2.0,0.5,price_compare,5,2026-01-22 13:05:00
2026-01-23 13:20:00,0.12647357545119506,3.802732825736626,20,800,2.0,0.5,price_compare,5,2026-01-23 13:20:00
2026-01-26 13:35:00,0.1363922479056149,3.3921344717107496,20,800,2.0,0.5,price_compare,5,2026-01-26 13:35:00
2026-01-27 13:50:00,0.14596988597948934,3.2832193344064198,20,800,2.0,0.5,price_compare,5,2026-01-27 13:50:00
2026-01-28 14:05:00,0.13624784308307478,3.165231557982445,20,800,2.0,0.5,price_compare,5,2026-01-28 14:05:00
2026-01-29 14:20:00,0.12765962444283527,3.0615338638886196,20,800,2.0,0.5,price_compare,5,2026-01-29 14:20:00
2026-01-30 14:35:00,0.12841065654931155,3.289717605805506,20,800,2.0,0.5,price_compare,5,2026-01-30 14:35:00
2026-02-02 14:50:00,0.13164286808669054,2.8997282501878425,20,800,2.0,0.5,price_compare,5,2026-02-02 14:50:00
2026-02-03 15:05:00,0.12798750135050488,2.891451619225226,20,800,2.0,0.5,price_compare,5,2026-02-03 15:05:00
2026-02-05 09:35:00,0.13528641816199488,2.7335253199055147,20,800,2.0,0.5,price_compare,5,2026-02-05 09:35:00
2026-02-06 09:50:00,0.12674656963378583,3.343638989945334,20,800,2.0,0.5,price_compare,5,2026-02-06 09:50:00
2026-02-09 10:05:00,0.13088800340241272,3.465742264754033,20,800,2.0,0.5,price_compare,5,2026-02-09 10:05:00
2026-02-10 10:20:00,0.14595426999554587,3.5337621585126575,20,800,2.0,0.5,price_compare,5,2026-02-10 10:20:00
2026-02-11 10:35:00,0.14665506663241024,3.693077941477789,20,800,2.0,0.5,price_compare,5,2026-02-11 10:35:00
2026-02-12 10:50:00,0.15773407089226318,3.548224290241311,20,800,2.0,0.5,price_compare,5,2026-02-12 10:50:00
2026-02-13 11:05:00,0.15341109039130119,3.9217288679931825,20,800,2.0,0.5,price_compare,5,2026-02-13 11:05:00
2026-02-24 11:20:00,0.15671513023442046,3.957414419242261,20,800,2.0,0.5,price_compare,5,2026-02-24 11:20:00
2026-02-25 13:05:00,0.16137897125468842,3.8025855476980737,20,800,2.0,0.5,price_compare,5,2026-02-25 13:05:00
2026-02-26 13:20:00,0.14217751131646927,3.97335154416204,20,800,2.0,0.5,price_compare,5,2026-02-26 13:20:00
2026-02-27 13:35:00,0.14409376371379432,3.4248352412085428,20,800,2.0,0.5,price_compare,5,2026-02-27 13:35:00
2026-03-02 13:50:00,0.1338853583830505,3.4496783181253017,20,800,2.0,0.5,price_compare,5,2026-03-02 13:50:00
2026-03-03 14:05:00,0.1435067139805943,3.5501578284233295,20,800,2.0,0.5,price_compare,5,2026-03-03 14:05:00
2026-03-04 14:20:00,0.12280290193063798,3.5481080830174325,20,800,2.0,0.5,price_compare,5,2026-03-04 14:20:00
2026-03-05 14:35:00,0.12430189521652503,3.3836543982756604,20,800,2.0,0.5,price_compare,5,2026-03-05 14:35:00
2026-03-06 14:50:00,0.1371965790865797,3.168144169778729,20,800,2.0,0.5,price_compare,5,2026-03-06 14:50:00
2026-03-09 15:05:00,0.14932019980370634,2.2825774395679654,20,800,2.0,0.5,price_compare,5,2026-03-09 15:05:00
2026-03-11 09:35:00,0.14148390489348475,1.867168759010484,20,800,2.0,0.5,price_compare,5,2026-03-11 09:35:00
2026-03-12 10:10:00,0.12777922478394263,1.8976332792690604,20,800,2.0,0.5,price_compare,5,2026-03-12 10:10:00
2026-03-13 10:25:00,0.13618222932017085,2.629283845611124,20,800,2.0,0.5,price_compare,5,2026-03-13 10:25:00
2026-03-16 10:40:00,0.11171970006494242,3.1659644876615602,20,800,2.0,0.5,price_compare,5,2026-03-16 10:40:00
2026-03-17 10:55:00,0.13093338465436383,2.8740375062220176,20,800,2.0,0.5,price_compare,5,2026-03-17 10:55:00
2026-03-18 11:10:00,0.13808747715238257,2.9976860553502114,20,800,2.0,0.5,price_compare,5,2026-03-18 11:10:00
2026-03-19 11:25:00,0.11676889459248642,2.820165541095617,20,800,2.0,0.5,price_compare,5,2026-03-19 11:25:00
2026-03-20 13:10:00,0.1261940897002838,2.1380355602769017,20,800,2.0,0.5,price_compare,5,2026-03-20 13:10:00
2026-03-23 13:25:00,0.10421363207046701,2.211065689593688,20,800,2.0,0.5,price_compare,5,2026-03-23 13:25:00
2026-03-24 13:40:00,0.0974060689962786,2.741609013667984,20,800,2.0,0.5,price_compare,5,2026-03-24 13:40:00
2026-03-25 13:55:00,0.07580213893331306,3.2289880373205935,20,800,2.0,0.5,price_compare,5,2026-03-25 13:55:00
2026-03-26 14:10:00,0.09615635662370837,3.3587444034761322,20,800,2.0,0.5,price_compare,5,2026-03-26 14:10:00
2026-03-27 14:25:00,0.08365236169412124,2.841023564310107,20,800,2.0,0.5,price_compare,5,2026-03-27 14:25:00
2026-03-30 14:40:00,0.08393142979219932,3.0193417222676358,20,800,2.0,0.5,price_compare,5,2026-03-30 14:40:00
2026-03-31 14:55:00,0.08021735077410337,3.2191258454134535,20,800,2.0,0.5,price_compare,5,2026-03-31 14:55:00
2026-04-01 15:10:00,0.08206482917023238,4.052257100572919,20,800,2.0,0.5,price_compare,5,2026-04-01 15:10:00
2026-04-03 09:40:00,0.09190229151447805,4.036692435658789,20,800,2.0,0.5,price_compare,5,2026-04-03 09:40:00
2026-04-07 09:55:00,0.0797496312725909,3.545074186152522,20,800,2.0,0.5,price_compare,5,2026-04-07 09:55:00
2026-04-08 10:10:00,0.08029744987268803,4.200531213966504,20,800,2.0,0.5,price_compare,5,2026-04-08 10:10:00
2026-04-09 10:25:00,0.06924671655319763,3.9418119639398244,20,800,2.0,0.5,price_compare,5,2026-04-09 10:25:00
2026-04-10 10:40:00,0.057873773184523254,3.862078560738589,20,800,2.0,0.5,price_compare,5,2026-04-10 10:40:00
2026-04-13 10:55:00,0.052431052065172845,4.74303126740354,20,800,2.0,0.5,price_compare,5,2026-04-13 10:55:00
2026-04-14 11:10:00,0.0502050559218121,4.569909165482636,16,600,2.0,0.5,price_compare,5,2026-04-14 11:10:00
2026-04-15 11:25:00,0.048861429049781614,4.480517540980865,16,600,2.0,0.5,price_compare,5,2026-04-15 11:25:00
2026-04-16 13:10:00,0.03921138623666699,4.191950204147883,16,600,2.0,0.5,price_compare,5,2026-04-16 13:10:00
2026-04-17 13:25:00,0.04189001444236108,4.758653345804154,16,600,2.0,0.5,price_compare,5,2026-04-17 13:25:00
2026-04-20 13:40:00,0.045451852061844204,5.390159469056493,20,800,2.0,0.5,price_compare,5,2026-04-20 13:40:00
2026-04-21 13:55:00,0.05633540105312673,5.638453239100459,20,800,2.0,0.5,price_compare,5,2026-04-21 13:55:00
2026-04-22 14:10:00,0.07712029538113636,5.735080843642715,20,800,2.0,0.5,price_compare,5,2026-04-22 14:10:00
2026-04-23 14:25:00,0.06694116873661697,5.11795176038064,20,800,2.0,0.5,price_compare,5,2026-04-23 14:25:00
2026-04-24 14:45:00,0.07991547929102626,4.662297723071412,20,800,2.0,0.5,price_compare,5,2026-04-24 14:45:00
