date,strategy_return,benchmark_return,strategy_nav,benchmark_nav,position,turnover
2022-12-16,0.0,0.0,1.0,1.0,0.0,0.0
2022-12-19,0.0,0.0019500975048751812,1.0,1.0019500975048752,0.0,0.0
2022-12-20,-0.0,-0.0016967761253617875,1.0,1.000250012500625,0.0,0.0
2022-12-21,0.0,0.002549490101979801,1.0,1.0028001400070006,0.0,0.0
2022-12-22,-0.0,-0.0001994515083520998,1.0,1.0026001300065004,0.0,0.0
2022-12-23,0.0,0.00229414991770982,1.0,1.0049002450122506,0.0,0.0
2022-12-26,-0.0,-0.002139622829278043,1.0,1.0027501375068752,0.0,0.0
2022-12-27,-0.0,-0.002792460357036064,1.0,0.9999499974998748,0.0,0.0
2022-12-28,0.0,0.0007000700070007859,1.0,1.000650032501625,0.0,0.0
2022-12-29,0.0,0.0014491305216870476,1.0,1.0021001050052503,0.0,0.0
2022-12-30,0.0,0.00019959083878040573,1.0,1.0023001150057502,0.0,0.0
2023-01-03,0.0,0.0014467448241457515,1.0,1.0037501875093755,0.0,0.0
2023-01-04,0.0,0.001594101823253924,1.0,1.0053502675133756,0.0,0.0
2023-01-05,-0.0,-0.0009449915448125346,1.0,1.0044002200110005,0.0,0.0
2023-01-06,-0.0,-0.0008463185144621521,1.0,1.0035501775088753,0.0,0.0
2023-01-09,0.0,4.9825610363818384e-05,1.0,1.0036001800090004,0.0,0.0
2023-01-10,-0.0,-0.002889741417966274,1.0,1.00070003500175,0.0,0.0
2023-01-11,0.0,0.0011492529855594569,1.0,1.0018500925046252,0.0,0.0
2023-01-12,0.0,9.982032341770974e-05,1.0,1.0019500975048752,0.0,0.0
2023-01-13,-0.0,-0.0016468709452039931,1.0,1.0003000150007502,0.0,0.0
2023-01-16,-0.0,-0.0022494376405899352,1.0,0.9980499024951248,0.0,0.0
2023-01-17,0.0,0.00030060120240471555,1.0,0.9983499174958748,0.0,0.0
2023-01-18,-0.0,-0.000450766302714678,1.0,0.9978998949947496,0.0,0.0
2023-01-19,0.0,0.0006514005110989096,1.0,0.9985499274963747,0.0,0.0
2023-01-20,-0.0,-0.001552328492739119,1.0,0.9969998499924995,0.0,0.0
2023-01-30,0.0,0.0033602487587141017,1.0,1.0003500175008748,0.0,0.0
2023-01-31,0.0,0.0017494751574527179,1.0,1.00210010500525,0.0,0.0
2023-02-01,-0.0,-0.0009480564842073713,1.0,1.001150057502875,0.0,0.0
2023-02-02,0.0,0.0019478573569073898,1.0,1.00310015500775,0.0,0.0
2023-02-03,0.0,0.0004984796371068079,1.0,1.0036001800090002,0.0,0.0
2023-02-06,-0.0,-0.0008968163021274567,1.0,1.0027001350067501,0.0,0.0
2023-02-07,0.0,0.00214431755847011,1.0,1.0048502425121255,0.0,0.0
2023-02-08,-0.0,-0.0006468949044585726,1.0,1.0042002100105005,0.0,0.0
2023-02-09,0.0,0.0011452472240203182,1.0,1.0053502675133756,0.0,0.0
2023-02-10,-0.0,-0.0005968367651447704,1.0,1.0047502375118755,0.0,0.0
2023-02-13,0.0,0.00029859659599873467,1.0,1.0050502525126255,0.0,0.0
2023-02-14,0.0,0.0003980099502487455,1.0,1.0054502725136256,0.0,0.0
2023-02-15,0.0,4.9731450169065994e-05,1.0,1.0055002750137505,0.0,0.0
2023-02-16,0.0,0.0014421403351732032,1.0,1.0069503475173756,0.0,0.0
2023-02-17,-0.0,-0.0004965736418710565,1.0,1.0064503225161254,0.0,0.0
2023-02-20,-0.0,-0.0025337837837837718,1.0,1.0039001950097501,0.0,0.0
2023-02-21,-0.0,-0.00901529112915278,1.0,0.994849742487124,0.0,0.0
2023-02-22,0.0,0.0010052271813429936,1.0,0.9958497924896241,0.0,0.0
2023-02-23,0.0,0.00025105442860007265,1.0,0.9960998049902491,0.0,0.0
2023-02-24,0.0,0.001104362230811784,1.0,0.9971998599929993,0.0,0.0
2023-02-27,0.0,0.00020057162914310922,1.0,0.9973998699934994,0.0,0.0
2023-02-28,0.0,0.0009023913370431735,1.0,0.9982999149957495,0.0,0.0
2023-03-01,0.0,0.000601051840721345,1.0,0.9988999449972497,0.0,0.0
2023-03-02,-0.0,-0.0014016118536316347,1.0,0.9974998749937495,0.0,0.0
2023-03-03,0.0,0.0006015339114742169,1.0,0.9980999049952495,0.0,0.0
2023-03-06,0.0,0.001953809929362116,1.0,1.0000500025001247,0.0,0.0
2023-03-07,0.0,0.0014000000000000679,1.0,1.0014500725036248,0.0,0.0
2023-03-08,-0.0,-0.00044937088076690834,1.0,1.0010000500024998,0.0,0.0
2023-03-09,0.0,0.0009990509016433169,1.0,1.0020001000049998,0.0,0.0
2023-03-10,0.0,0.0009481511053446301,1.0,1.002950147507375,0.0,0.0
2023-03-13,-0.0,-0.0008475421278293371,1.0,1.0021001050052498,0.0,0.0
2023-03-14,0.0,0.0013971358714635063,1.0,1.00350017500875,0.0,0.0
2023-03-15,-0.0,-0.0008969056754198901,1.0,1.0026001300064997,0.0,0.0
2023-03-16,0.0,0.002144531444815856,1.0,1.004750237511875,0.0,0.0
2023-03-17,-0.0,-0.00044789489399821303,1.0,1.00430021501075,0.0,0.0
2023-03-20,0.0,0.0006472491909383926,1.0,1.004950247512375,0.0,0.0
2023-03-21,-0.0,-0.0010946362822171762,1.0,1.0038501925096248,0.0,0.0
2023-03-22,0.0,0.0002490535963339813,1.0,1.0041002050102499,0.0,0.0
2023-03-23,-0.0,-0.0006971764354365417,1.0,1.0034001700084998,0.0,0.0
2023-03-24,-0.0,-0.0010464942442816039,1.0,1.0023501175058747,0.0,0.0
2023-03-27,0.0,0.002194951611294016,1.0,1.004550227511375,0.0,0.0
2023-03-28,-0.0,-4.9776007964297264e-05,1.0,1.0045002250112498,0.0,0.0
2023-03-29,0.0,0.00024889242869230443,1.0,1.0047502375118749,0.0,0.0
2023-03-30,-0.0,-0.000995321986662634,1.0,1.0037501875093748,0.0,0.0
2023-03-31,0.0,0.0008468665936036679,1.0,1.0046002300115,0.0,0.0
2023-04-03,-0.0,-0.0015927529739684365,1.0,1.0030001500074999,0.0,0.0
2023-04-04,0.0,0.0006979410738321423,1.0,1.00370018500925,0.0,0.0
2023-04-06,-0.0,-0.00014945449110748132,1.0,1.0035501775088749,0.0,0.0
2023-04-07,0.0,0.0019930244145491827,1.0,1.0055502775138752,0.0,0.0
2023-04-10,0.0,0.000546991546494402,1.0,1.0061003050152504,0.0,0.0
2023-04-11,0.0,0.0015903782118185106,1.0,1.0077003850192505,0.0,0.0
2023-04-12,0.0,0.0006450652508311894,1.0,1.0083504175208757,0.0,0.0
2023-04-13,-0.0,-0.000644649409897835,1.0,1.0077003850192507,0.0,0.0
2023-04-14,-0.0,-0.0003473428273705892,1.0,1.0073503675183757,0.0,0.0
2023-04-17,-0.0,-0.001538767000893504,1.0,1.0058002900145004,0.0,0.0
2023-04-18,0.0,0.0011434253044990683,1.0,1.0069503475173756,0.0,0.0
2023-04-19,0.0,0.0004469162776838953,1.0,1.0074003700185006,0.0,0.0
2023-04-20,-0.0,-0.00014890554424973335,1.0,1.0072503625181255,0.0,0.0
2023-04-21,0.0,0.0017871326449563352,1.0,1.0090504525226258,0.0,0.0
2023-04-24,0.0,0.0005946481665013437,1.0,1.0096504825241257,0.0,0.0
2023-04-25,-0.0,-4.9524564183833775e-05,1.0,1.0096004800240006,0.0,0.0
2023-04-26,0.0,0.0013372294586697642,1.0,1.010950547527376,0.0,0.0
2023-04-27,0.0,0.0020773568107625984,1.0,1.0130506525326262,0.0,0.0
2023-04-28,-0.0,-0.00044422507403751865,1.0,1.0126006300315011,0.0,0.0
2023-05-04,0.0,0.0012838872154461445,1.0,1.0139006950347513,0.0,0.0
2023-05-05,0.0,0.0029097006460521158,1.0,1.0168508425421265,0.0,0.0
2023-05-08,-0.0,-0.0019669551534224894,1.0,1.0148507425371263,0.0,0.0
2023-05-09,0.0,0.000640520299566294,1.0,1.0155007750387512,0.0,0.0
2023-05-10,0.0,0.0015756561130533253,1.0,1.0171008550427514,0.0,0.0
2023-05-11,0.0,0.001278206577847607,1.0,1.0184009200460014,0.0,0.0
2023-05-12,-0.0,-0.0007855845239848058,1.0,1.0176008800440013,0.0,0.0
2023-05-15,-0.0,-0.0005405139796569314,1.0,1.0170508525426263,0.0,0.0
2023-05-16,0.0,9.83284169124854e-05,1.0,1.0171508575428763,0.0,0.0
2023-05-17,-0.0,-0.000786549995084096,1.0,1.0163508175408762,0.0,0.0
2023-05-18,0.0,0.0,1.0,1.0163508175408762,0.0,0.0
2023-05-19,-0.0,-0.0031978746433138916,1.0,1.0131006550327508,0.0,0.0
2023-05-22,0.0,0.0005429149597748761,1.0,1.0136506825341258,0.0,0.0
2023-05-23,0.0,0.0021704814522494065,1.0,1.015850792539626,0.0,0.0
2023-05-24,-0.0,-4.9222287851868884e-05,1.0,1.0158007900395012,0.0,0.0
2023-05-25,-0.0,-0.0010337189269012947,1.0,1.014750737536876,0.0,0.0
2023-05-26,-0.0,-0.0010840642554449387,1.0,1.013650682534126,0.0,0.0
2023-05-29,0.0,0.001282557221783609,1.0,1.014950747537376,0.0,0.0
2023-05-30,-0.0,-0.0005911912503693273,1.0,1.0143507175358761,0.0,0.0
2023-05-31,0.0,0.0008873114463174847,1.0,1.015250762538126,0.0,0.0
2023-06-01,0.0,0.0012805358550040946,1.0,1.0165508275413764,0.0,0.0
2023-06-02,-0.0,-0.003492375799311387,1.0,1.0130006500325008,0.0,0.0
2023-06-05,0.0,0.0017276272274051596,1.0,1.014750737536876,0.0,0.0
2023-06-06,0.0,0.0014782694392432294,1.0,1.0162508125406264,0.0,0.0
2023-06-07,0.0,0.000787246604998959,1.0,1.0170508525426265,0.0,0.0
2023-06-08,-0.0,-0.0007374631268436405,1.0,1.0163008150407515,0.0,0.0
2023-06-09,0.0,0.0026076260762608605,1.0,1.018950947547377,0.0,0.0
2023-06-12,-0.0,-9.814505839633725e-05,1.0,1.018850942547127,0.0,0.0
2023-06-13,0.0,0.0026010993325480403,1.0,1.0215010750537523,0.0,0.0
2023-06-14,0.0,0.000489500220275163,1.0,1.0220011000550024,0.0,0.0
2023-06-15,-0.0,-0.0034248250892899845,1.0,1.018500925046252,0.0,0.0
2023-06-16,-0.0,-0.0025528990132064333,1.0,1.0159007950397516,0.0,0.0
2023-06-19,-0.0,-0.0013781562238519562,1.0,1.0145007250362514,0.0,0.0
2023-06-20,0.0,0.0013307703681797456,1.0,1.0158507925396265,0.0,0.0
2023-06-21,0.0,0.0008860011813349722,1.0,1.0167508375418768,0.0,0.0
2023-06-26,0.0,0.0005409658699713216,1.0,1.0173008650432518,0.0,0.0
2023-06-27,-0.0,-0.0008847382649298519,1.0,1.0164008200410017,0.0,0.0
2023-06-28,0.0,0.0013282825798197617,1.0,1.0177508875443768,0.0,0.0
2023-06-29,0.0,0.00039304313648425016,1.0,1.018150907545377,0.0,0.0
2023-06-30,0.0,0.0017679992142225487,1.0,1.019950997549877,0.0,0.0
2023-07-03,-0.0,-0.0010785371114815367,1.0,1.0188509425471268,0.0,0.0
2023-07-04,-0.0,-0.0013250883392225132,1.0,1.0175008750437518,0.0,0.0
2023-07-05,0.0,0.001670843776107045,1.0,1.019200960048002,0.0,0.0
2023-07-06,-0.0,-0.000588725899033582,1.0,1.018600930046502,0.0,0.0
2023-07-07,0.0,0.0007854302685188497,1.0,1.019400970048502,0.0,0.0
2023-07-10,0.0,0.0003924069259821916,1.0,1.019800990049502,0.0,0.0
2023-07-11,0.0,0.0006864427555774988,1.0,1.0205010250512523,0.0,0.0
2023-07-12,0.0,4.899799108226688e-05,1.0,1.0205510275513772,0.0,0.0
2023-07-13,-0.0,-0.0004899559039686086,1.0,1.020051002550127,0.0,0.0
2023-07-14,-0.0,-0.00034313725490198177,1.0,1.019700985049252,0.0,0.0
2023-07-17,0.0,0.0017653116265383684,1.0,1.021501075053752,0.0,0.0
2023-07-18,0.0,0.000783200352440172,1.0,1.0223011150557522,0.0,0.0
2023-07-19,-0.0,-0.0004891171435558173,1.0,1.0218010900545023,0.0,0.0
2023-07-20,0.0,0.0009297773427943135,1.0,1.0227511375568774,0.0,0.0
2023-07-21,0.0,0.0008311332746651079,1.0,1.0236011800590026,0.0,0.0
2023-07-24,0.0,0.0006838942894826783,1.0,1.0243012150607527,0.0,0.0
2023-07-25,-0.0,-0.005613863802782504,1.0,1.0185509275463769,0.0,0.0
2023-07-26,0.0,0.0021600392734413276,1.0,1.0207510375518771,0.0,0.0
2023-07-27,0.0,0.0010287057901441354,1.0,1.0218010900545025,0.0,0.0
2023-07-28,-0.0,-0.0011255199412771866,1.0,1.0206510325516274,0.0,0.0
2023-07-31,-0.0,-0.000685871056241516,1.0,1.0199509975498773,0.0,0.0
2023-08-01,0.0,0.00019609765663308742,1.0,1.0201510075503775,0.0,0.0
2023-08-02,0.0,0.0007842368395254429,1.0,1.0209510475523775,0.0,0.0
2023-08-03,0.0,0.0012733862278382357,1.0,1.0222511125556277,0.0,0.0
2023-08-04,0.0,0.0002934846409705649,1.0,1.022551127556378,0.0,0.0
2023-08-07,0.0,0.0005867970660147215,1.0,1.023151157557878,0.0,0.0
2023-08-08,0.0,0.0003909686247678401,1.0,1.023551177558878,0.0,0.0
2023-08-09,-0.0,-0.00014655593551538004,1.0,1.0234011700585028,0.0,0.0
2023-08-10,-0.0,-0.00034201397371369513,1.0,1.0230511525576278,0.0,0.0
2023-08-11,0.0,0.0005865102639297515,1.0,1.023651182559128,0.0,0.0
2023-08-14,0.0,0.0008792497069167737,1.0,1.024551227561378,0.0,0.0
2023-08-15,0.0,0.002489019033674822,1.0,1.027101355067753,0.0,0.0
2023-08-16,0.0,0.0010710286743584874,1.0,1.028201410070503,0.0,0.0
2023-08-17,-0.0,-0.0009239896902203393,1.0,1.0272513625681279,0.0,0.0
2023-08-18,0.0,0.0009735202492211492,1.0,1.028251412570628,0.0,0.0
2023-08-21,0.0,0.002285547558840806,1.0,1.0306015300765032,0.0,0.0
2023-08-22,-0.0037843869778273476,-0.0037843869778273476,0.9962156130221727,1.0267013350667529,1.0,1.0
2023-08-23,-0.0001461062679588565,-0.0001461062679588565,0.9960700596768717,1.0265513275663778,1.0,0.0
2023-08-24,0.000146127618119829,0.000146127618119829,0.9962156130221728,1.0267013350667529,1.0,0.0
2023-08-25,-0.0016071689475478657,-0.0016071689475478657,0.9946145262238612,1.0250512525626276,1.0,0.0
2023-08-28,-0.00053658536585377,-0.00053658536585377,0.9940808306244239,1.0245012250612524,1.0,0.0
2023-08-29,-0.001464200302601304,-0.001464200302601304,0.9926252971714135,1.0230011500575023,1.0,0.0
2023-08-30,0.0010753213744563173,0.0010753213744563173,0.9936926883702879,1.0241012050602525,1.0,0.0
2023-08-31,9.765148186136052e-05,9.765148186136052e-05,0.993789723933822,1.0242012100605027,1.0,0.0
2023-09-01,-0.002978079382902954,-0.002978079382902954,0.9908301392460339,1.0211510575528773,1.0,0.0
2023-09-04,-0.0016159044168054804,-0.0016159044168054804,0.9892290524477223,1.019500975048752,1.0,0.0
2023-09-05,-0.00039236843395940024,-0.00039236843395940024,0.9888409101935862,1.019100955047752,1.0,0.0
2023-09-06,-0.002207938766498163,-0.002207938766498163,0.9866576100140705,1.016850842542127,1.0,0.0
2023-09-07,-0.000885129819040209,-0.000885129819040209,0.9857842899422641,1.0159507975398767,1.0,0.0
2023-09-08,0.0009351314105718878,0.0009351314105718878,0.9867061277958374,1.0169008450422519,1.0,0.0
2023-09-11,0.0005900575306092559,0.0005900575306092559,0.9872883411770417,1.017500875043752,1.0,0.0
2023-09-12,0.0004422821760283746,0.0004422821760283746,0.9877250012129449,1.017950897544877,1.0,0.0
2023-09-13,0.0014245014245013454,0.0014245014245013454,0.9891320168841884,1.019400970048502,1.0,0.0
2023-09-14,0.00132437337518998,0.00132437337518998,0.9904419969918977,1.0207510375518771,1.0,0.0
2023-09-15,-0.0025472714803564944,-0.0025472714803564944,0.987919072340013,1.018150907545377,1.0,0.0
2023-09-18,-0.0009822217856793047,-0.0009822217856793047,0.9869487167046725,1.0171508575428767,1.0,0.0
2023-09-19,0.0002949562481564527,0.0002949562481564527,0.9872398233952746,1.0174508725436266,1.0,0.0
2023-09-20,-0.00019657951641438576,-0.00019657951641438576,0.9870457522682066,1.0172508625431267,1.0,0.0
2023-09-21,0.001474636256390216,0.001474636256390216,0.9885012857212172,1.018750937546877,1.0,0.0
2023-09-22,-0.0025031903406302902,-0.0025031903406302902,0.9860268788510992,1.0162008100405018,1.0,0.0
2023-09-25,-0.000541258672440037,-0.000541258672440037,0.985493183251662,1.0156507825391268,1.0,0.0
2023-09-26,0.0003938558487592836,0.0003938558487592836,0.9858813255057981,1.0160508025401267,1.0,0.0
2023-09-27,0.00019685039370087587,0.00019685039370087587,0.9860753966328663,1.0162508125406269,1.0,0.0
2023-09-28,0.0016236961228104363,0.0016236961228104363,0.9876764834311778,1.0179008950447521,1.0,0.0
2023-10-09,0.000147369455224311,0.000147369455224311,0.9878220367764788,1.0180509025451272,1.0,0.0
2023-10-10,-0.0009823182711198308,-0.0009823182711198308,0.9868516811411385,1.0170508525426272,1.0,0.0
2023-10-11,-0.0020648967551623043,-0.0020648967551623043,0.9848139343069238,1.014950747537377,1.0,0.0
2023-10-12,0.0007389890629618812,0.0007389890629618812,0.9855417010334291,1.015700785039252,1.0,0.0
2023-10-13,0.000935361591099193,0.000935361591099193,0.9864635388870023,1.016650832541627,1.0,0.0
2023-10-16,0.0009344875073775682,0.0009344875073775682,0.9873853767405757,1.0176008800440022,1.0,0.0
2023-10-17,-0.0014741290354280956,-0.0014741290354280956,0.9859298432875653,1.016100805040252,1.0,0.0
2023-10-18,-0.0005413119433099745,-0.0005413119433099745,0.985396147688128,1.0155507775388768,1.0,0.0
2023-10-19,-0.002954209748892156,-0.002954209748892156,0.982485080782107,1.0125506275313765,1.0,0.0
2023-10-20,0.0,0.0021728395061728634,0.982485080782107,1.0147507375368767,0.0,1.0
2023-10-23,0.0,0.0011826155513945391,0.982485080782107,1.015950797539877,0.0,0.0
2023-10-24,-0.0,-0.0010827837385569694,0.982485080782107,1.0148507425371267,0.0,0.0
2023-10-25,0.0,0.002315727236893883,0.982485080782107,1.0172008600430018,0.0,0.0
2023-10-26,-0.0,-0.0004424126235068604,0.982485080782107,1.0167508375418768,0.0,0.0
2023-10-27,0.0,0.00014753614635587553,0.982485080782107,1.0169008450422519,0.0,0.0
2023-10-30,0.0,0.00039337168707276327,0.982485080782107,1.0173008650432518,0.0,0.0
2023-10-31,0.0,0.0016220201523715616,0.982485080782107,1.018950947547377,0.0,0.0
2023-11-01,0.0,0.0002453626459908431,0.982485080782107,1.019200960048002,0.0,0.0
2023-11-02,0.0,0.0017661776971005239,0.982485080782107,1.0210010500525024,0.0,0.0
2023-11-03,-0.0,-0.00039179195846994475,0.982485080782107,1.0206010300515025,0.0,0.0
2023-11-06,0.0,0.0003919455195726673,0.982485080782107,1.0210010500525024,0.0,0.0
2023-11-07,-0.0,-0.000489739948087542,0.982485080782107,1.0205010250512523,0.0,0.0
2023-11-08,0.0,0.001028957812729825,0.982485080782107,1.0215510775538776,0.0,0.0
2023-11-09,-0.0,-0.00034263338228102125,0.982485080782107,1.0212010600530026,0.0,0.0
2023-11-10,0.0,0.0006365372374284028,0.982485080782107,1.0218510925546276,0.0,0.0
2023-11-13,0.0,0.00014679976512033122,0.982485080782107,1.0220011000550027,0.0,0.0
2023-11-14,-0.0,-0.0010763735994911983,0.982485080782107,1.0209010450522524,0.0,0.0
2023-11-15,-0.0,-9.795758436592639e-05,0.982485080782107,1.0208010400520025,0.0,0.0
2023-11-16,0.0,0.001224589762429673,0.982485080782107,1.0220511025551278,0.0,0.0
2023-11-17,0.0,0.0,0.982485080782107,1.0220511025551278,0.0,0.0
2023-11-20,-0.0,-4.8923679060730585e-05,0.982485080782107,1.0220011000550027,0.0,0.0
2023-11-21,-0.0009295953813787117,-0.0009295953813787117,0.9815717671887384,1.0210510525526275,1.0,1.0
2023-11-22,-0.0019098922624877224,-0.0019098922624877224,0.9796970708655083,1.0191009550477523,1.0,0.0
2023-11-23,-0.002747657131642267,-0.002747657131642267,0.9770051992218957,1.016300815040752,1.0,0.0
2023-11-24,0.000688806888068827,0.000688806888068827,0.9776781671327988,1.017000850042502,1.0,0.0
2023-11-27,-0.0010816657652785722,-0.0010816657652785722,0.9766206461299509,1.0159007950397518,1.0,0.0
2023-11-28,0.002362553526603417,0.002362553526603417,0.9789279646816189,1.0183009150457523,1.0,0.0
2023-11-29,0.0006874539651362532,0.0006874539651362532,0.979600932592522,1.0190009500475024,1.0,0.0
2023-11-30,0.00019628048481279414,0.00019628048481279414,0.9797932091384943,1.0192009600480023,1.0,0.0
2023-12-01,0.0005396654074472096,0.0005396654074472096,0.980321969639918,1.019750987549377,1.0,0.0
2023-12-04,-0.0007355104442483551,-0.0007355104442483551,0.9796009325925218,1.019000950047502,1.0,0.0
2023-12-05,0.0010304725452672248,0.0010304725452672248,0.9806103844588766,1.020051002550127,1.0,0.0
2023-12-06,-0.0002941176470588891,-0.0002941176470588891,0.980321969639918,1.0197509875493769,1.0,0.0
2023-12-07,0.0008826125330980705,0.0008826125330980705,0.9811872140967935,1.0206510325516271,1.0,0.0
2023-12-08,-4.899078973152893e-05,-4.899078973152893e-05,0.9811391449603004,1.020601030051502,1.0,0.0
2023-12-11,0.001910734407917225,0.001910734407917225,0.9830138412835305,1.0225511275563772,1.0,0.0
2023-12-12,-0.0003422982885085135,-0.0003422982885085135,0.982677357328079,1.0222011100555022,1.0,0.0
2023-12-13,0.002543657975835112,0.002543657975835112,0.9851769524257191,1.0248012400620023,1.0,0.0
2023-12-14,-0.0011710173212977626,-0.0011710173212977626,0.9840232931498852,1.0236011800590024,1.0,0.0
2023-12-15,0.0017097357237065847,0.0017097357237065847,0.985705712927143,1.0253512675633774,1.0,0.0
2023-12-18,-0.0005364283624306188,-0.0005364283624306188,0.985176952425719,1.0248012400620021,1.0,0.0
2023-12-19,0.0005367162722615948,0.0005367162722615948,0.9857057129271429,1.0253512675633774,1.0,0.0
2023-12-20,-0.0004876621476640475,-0.0004876621476640475,0.9852250215622121,1.0248512425621275,1.0,0.0
2023-12-21,0.0010733801717408564,0.0010733801717408564,0.98628254256506,1.0259512975648777,1.0,0.0
2023-12-22,0.0007798030997172578,0.0007798030997172578,0.9870516487489492,1.0267513375668778,1.0,0.0
2023-12-25,0.0018018895490405917,0.0018018895490405917,0.9888302067991932,1.028601430071503,1.0,0.0
2023-12-26,-9.722424772740101e-05,-9.722424772740101e-05,0.988734068526207,1.028501425071253,1.0,0.0
2023-12-27,0.000777869609606574,0.000777869609606574,0.9895031747100962,1.029301465073253,1.0,0.0
2023-12-28,-0.0011658974981781922,-0.0011658974981781922,0.9883495154342623,1.028101405070253,1.0,0.0
2023-12-29,0.00038908613394283975,0.00038908613394283975,0.9887340685262069,1.028501425071253,1.0,0.0
2024-01-02,-0.001166804414410083,-0.001166804414410083,0.9875804092503729,1.0273013650682528,1.0,0.0
2024-01-03,0.0008761255779996535,0.0008761255779996535,0.9884456537072486,1.028201410070503,1.0,0.0
2024-01-04,0.0,0.0,0.9884456537072486,1.028201410070503,1.0,0.0
2024-01-05,0.001313037980839482,0.001313037980839482,0.9897435203925619,1.0295514775738783,1.0,0.0
2024-01-08,-0.0002428363283147883,-0.0002428363283147883,0.9895031747100964,1.0293014650732533,1.0,0.0
2024-01-09,0.0017488462472674549,0.0017488462472674549,0.9912336636238473,1.0311015550777536,1.0,0.0
2024-01-10,-0.001357839096067126,-0.001357839096067126,0.989887727802041,1.0297014850742534,1.0,0.0
2024-01-11,0.00024280095177964256,0.00024280095177964256,0.9901280734845064,1.0299514975748782,1.0,0.0
2024-01-12,-0.0021361297213321473,-0.0021361297213321473,0.9880130314788108,1.027751387569378,1.0,0.0
2024-01-15,0.0005838279653596068,0.0005838279653596068,0.9885898611167279,1.0283514175708781,1.0,0.0
2024-01-16,-0.00048623942429248945,-0.00048623942429248945,0.9881091697517971,1.027851392569628,1.0,0.0
2024-01-17,0.0,0.0015080755010703495,0.9881091697517971,1.0294014700735032,0.0,1.0
2024-01-18,-0.0,-0.0007771894885121311,0.9881091697517971,1.0286014300715032,0.0,0.0
2024-01-19,0.0,0.0013611394681833922,0.9881091697517971,1.0300015000750034,0.0,0.0
2024-01-22,0.0,0.001262197194038528,0.9881091697517971,1.0313015650782535,0.0,0.0
2024-01-23,-0.0,-0.001018181818181807,0.9881091697517971,1.0302515125756284,0.0,0.0
2024-01-24,0.0,0.0003882741215297525,0.9881091697517971,1.0306515325766283,0.0,0.0
2024-01-25,0.0,0.0008732777023092719,0.9881091697517971,1.0315515775788784,0.0,0.0
2024-01-26,-0.0,-0.0005332040717402897,0.9881091697517971,1.0310015500775032,0.0,0.0
2024-01-29,0.0,0.001115476017265582,0.9881091697517971,1.0321516075803783,0.0,0.0
2024-01-30,0.0,0.0023253560701483877,0.9881091697517971,1.0345517275863787,0.0,0.0
2024-01-31,0.0,0.001159980666988858,0.9881091697517971,1.035751787589379,0.0,0.0
2024-02-01,-0.0007241479192815481,-0.0007241479192815481,0.9873936325524983,1.035001750087504,1.0,1.0
2024-02-02,0.00028986907580086374,0.00028986907580086374,0.987679847432218,1.0353017650882541,1.0,0.0
2024-02-05,0.0009176527408838453,0.0009176527408838453,0.9885861945513299,1.0362518125906293,1.0,0.0
2024-02-06,-0.003281219841729466,-0.003281219841729466,0.9853424259145083,1.0328516425821288,1.0,0.0
2024-02-07,0.0012587141750579622,0.0012587141750579622,0.9865826903932928,1.0341517075853788,1.0,0.0
2024-02-08,-0.0015472391451503142,-0.0015472391451503142,0.9850562110347886,1.0325516275813786,1.0,0.0
2024-02-19,0.0015980629539951163,0.0015980629539951163,0.986630392873246,1.0342017100855039,1.0,0.0
2024-02-20,0.0007735821689309752,0.0007735821689309752,0.9873936325524981,1.035001750087504,1.0,0.0
2024-02-21,0.0014010338663703603,0.0014010338663703603,0.9887770044711426,1.0364518225911292,1.0,0.0
2024-02-22,0.0012060980316479508,0.0012060980316479508,0.989969566469974,1.0377018850942543,1.0,0.0
2024-02-23,4.818580446186438e-05,4.818580446186438e-05,0.9900172689499271,1.0377518875943792,1.0,0.0
2024-02-26,0.0010600366194468691,0.0010600366194468691,0.9910667235088988,1.0388519425971294,1.0,0.0
2024-02-27,-0.000288794763188327,-0.000288794763188327,0.9907805086291792,1.0385519275963793,1.0,0.0
2024-02-28,0.0017332691381801713,0.0017332691381801713,0.9924977979074966,1.0403520176008796,1.0,0.0
2024-02-29,0.0005767567047967326,0.0005767567047967326,0.9930702276669358,1.0409520476023797,1.0,0.0
2024-03-01,-0.004323181861850323,-0.004323181861850323,0.9887770044711425,1.0364518225911292,1.0,0.0
2024-03-04,0.0022192203782323006,0.0022192203782323006,0.9909713185489923,1.0387519375968794,1.0,0.0
2024-03-05,0.0008664677000094212,0.0008664677000094212,0.9918299631881508,1.0396519825991293,1.0,0.0
2024-03-06,0.002260484801846818,0.002260484801846818,0.9940719797459538,1.0420021001050046,1.0,0.0
2024-03-07,-0.0006718172657036448,-0.0006718172657036448,0.9934041450266083,1.0413020651032545,1.0,0.0
2024-03-08,-0.0006722689075630006,-0.0006722689075630006,0.9927363103072627,1.0406020301015044,1.0,0.0
2024-03-11,-0.0006727211570805025,-0.0006727211570805025,0.992068475587917,1.0399019950997541,1.0,0.0
2024-03-12,-0.0018752704717025503,-0.0018752704717025503,0.99020807886974,1.037951897594879,1.0,0.0
2024-03-13,0.0009153097600924642,0.0009153097600924642,0.9911144259888519,1.038901945097254,1.0,0.0
2024-03-14,-0.001636424892910493,-0.001636424892910493,0.9894925416704411,1.0372018600930037,1.0,0.0
2024-03-15,0.0013498529624451638,0.0013498529624451638,0.9908282111091323,1.038601930096504,1.0,0.0
2024-03-18,0.0004814404698858521,0.0004814404698858521,0.9913052359086648,1.0391019550977538,1.0,0.0
2024-03-19,0.0018767143063374014,0.0018767143063374014,0.9931656326268418,1.041052052602629,1.0,0.0
2024-03-20,-0.001681075888568695,-0.001681075888568695,0.9914960458284777,1.0393019650982538,1.0,0.0
2024-03-21,0.0013952369497232109,0.0013952369497232109,0.9928794177471221,1.0407520376018788,1.0,0.0
2024-03-22,-0.0024983184395117597,-0.0024983184395117597,0.9903988887895527,1.0381519075953787,1.0,0.0
2024-03-25,-0.0001444947500240934,-0.0001444947500240934,0.9902557813496929,1.0380019000950036,1.0,0.0
2024-03-26,-0.0002890312635484005,-0.0002890312635484005,0.9899695664699734,1.0377018850942534,1.0,0.0
2024-03-27,0.0013973883293980638,0.0013973883293980638,0.9913529383886177,1.0391519575978785,1.0,0.0
2024-03-28,-9.623712828399356e-05,-9.623712828399356e-05,0.9912575334287113,1.0390519525976285,1.0,0.0
2024-03-29,0.0020211742059672577,0.0020211742059672577,0.9932610375867481,1.0411520576028788,1.0,0.0
2024-04-01,-0.003121698203822909,-0.003121698203822909,0.9901603763897863,1.0379018950947534,1.0,0.0
2024-04-02,0.0012044129691188843,0.0012044129691188843,0.9913529383886177,1.0391519575978785,1.0,0.0
2024-04-03,0.0011067269752671471,0.0011067269752671471,0.9924500954275427,1.0403020151007538,1.0,0.0
2024-04-08,0.0,0.0008171112713288853,0.9924500954275427,1.0411520576028788,0.0,1.0
2024-04-09,0.0,0.0012486792815291636,0.9924500954275427,1.042452122606129,0.0,0.0
2024-04-10,-0.0,-0.0009593246354565599,0.9924500954275427,1.041452072603629,0.0,0.0
2024-04-11,0.0,0.0003360860380257069,0.9924500954275427,1.041802090104504,0.0,0.0
2024-04-12,0.0,0.002111831053515756,0.9924500954275427,1.0440022001100042,0.0,0.0
2024-04-15,0.0,0.00019158005651620513,0.9924500954275427,1.0442022101105044,0.0,0.0
2024-04-16,0.0,0.0004309725614135562,0.9924500954275427,1.0446522326116294,0.0,0.0
2024-04-17,0.0,4.78652115643019e-05,0.9924500954275427,1.0447022351117545,0.0,0.0
2024-04-18,0.0,0.0013880246972670651,0.9924500954275427,1.0461523076153798,0.0,0.0
2024-04-19,-0.0,-0.00033457604435516153,0.9924500954275427,1.0458022901145048,0.0,0.0
2024-04-22,0.0,0.0006693760459000053,0.9924500954275427,1.0465023251162549,0.0,0.0
2024-04-23,0.0,0.0019112236609488686,0.9924500954275427,1.0485024251212551,0.0,0.0
2024-04-24,-0.0,-0.0034813295817635037,0.9924500954275427,1.0448522426121298,0.0,0.0
2024-04-25,-0.0,-9.57120980091819e-05,0.9924500954275427,1.0447522376118799,0.0,0.0
2024-04-26,-0.0,-0.0026323346415239035,0.9924500954275427,1.0420021001050044,0.0,0.0
2024-04-29,-0.0,-0.003934929699121792,0.9924500954275427,1.0379018950947538,0.0,0.0
2024-04-30,0.0,0.0031796502384737746,0.9924500954275427,1.0412020601030043,0.0,0.0
2024-05-06,0.0,0.0,0.9924500954275427,1.0412020601030043,0.0,0.0
2024-05-07,0.0,0.0024972386303607763,0.9924500954275427,1.0438021901095047,0.0,0.0
2024-05-08,0.0,0.0004790419161675441,0.9924500954275427,1.0443022151107546,0.0,0.0
2024-05-09,-0.0,-0.002011012688532432,0.9924500954275427,1.0422021101055043,0.0,0.0
2024-05-10,0.0,0.0007676438132706576,0.9924500954275427,1.0430021501075044,0.0,0.0
2024-05-13,0.0,0.0014382281029770017,0.9924500954275427,1.0445022251112546,0.0,0.0
2024-05-14,0.0,0.00019148834314730578,0.9924500954275427,1.0447022351117548,0.0,0.0
2024-05-15,-0.0,-0.00023931460297710316,0.9924500954275427,1.0444522226111297,0.0,0.0
2024-05-16,-0.0,-0.001627728839525111,0.9924500954275427,1.0427521376068793,0.0,0.0
2024-05-17,-0.0,-0.0001918097247529671,0.9924500954275427,1.0425521276063794,0.0,0.0
2024-05-20,0.0,0.00028776978417277554,0.9924500954275427,1.0428521426071296,0.0,0.0
2024-05-21,-0.0,-0.0006712696586115285,0.9924500954275427,1.0421521076053795,0.0,0.0
2024-05-22,0.0,0.0006237405239422067,0.9924500954275427,1.0428021401070047,0.0,0.0
2024-05-23,0.0,0.0008151522416686152,0.9924500954275427,1.0436521826091296,0.0,0.0
2024-05-24,-0.0,-0.0005270218474510147,0.9924500954275427,1.0431021551077546,0.0,0.0
2024-05-27,0.0,0.00038349072431809184,0.9924500954275427,1.0435021751087548,0.0,0.0
2024-05-28,0.0,0.0011500311466769997,0.9924500954275427,1.044702235111755,0.0,0.0
2024-05-29,0.0,0.0003350404441677668,0.9924500954275427,1.0450522526126298,0.0,0.0
2024-05-30,-0.0,-0.00014354066985644565,0.9924500954275427,1.0449022451122547,0.0,0.0
2024-05-31,-0.0,-0.0012920514906445968,0.9924500954275427,1.0435521776088796,0.0,0.0
2024-06-03,0.0,0.001724964063248846,0.9924500954275427,1.04535226761338,0.0,0.0
2024-06-04,0.0,0.0004304984215057761,0.9924500954275427,1.045802290114505,0.0,0.0
2024-06-05,0.0,0.0009084389194358167,0.9924500954275427,1.0467523376168801,0.0,0.0
2024-06-06,0.0,4.77691793254742e-05,0.9924500954275427,1.046802340117005,0.0,0.0
2024-06-07,0.0,0.00019106759015996566,0.9924500954275427,1.047002350117505,0.0,0.0
2024-06-11,0.0,0.0006208510435075087,0.9924500954275427,1.0476523826191302,0.0,0.0
2024-06-12,-0.0,-0.0006204658266515395,0.9924500954275427,1.047002350117505,0.0,0.0
2024-06-13,0.0,0.00023878886288741796,0.9924500954275427,1.04725236261813,0.0,0.0
2024-06-14,0.0,0.00033422459893039935,0.9924500954275427,1.047602380119005,0.0,0.0
2024-06-17,0.0,9.546083719169651e-05,0.9924500954275427,1.0477023851192553,0.0,0.0
2024-06-18,0.0,0.0008590655276095038,0.9924500954275427,1.0486024301215056,0.0,0.0
2024-06-19,0.0,0.0011444375566256326,0.9924500954275427,1.0498024901245055,0.0,0.0
2024-06-20,0.0,0.00038104310550135523,0.9924500954275427,1.0502025101255057,0.0,0.0
2024-06-21,-0.0,-0.000999857163262452,0.9924500954275427,1.0491524576228806,0.0,0.0
2024-06-24,0.0,0.001382137069869449,0.9924500954275427,1.0506025301265058,0.0,0.0
2024-06-25,0.0009042882299747923,0.0009042882299747923,0.9933475563676751,1.051552577628881,1.0,1.0
2024-06-26,-0.00014265335235374987,-0.00014265335235374987,0.9932058520087069,1.051402570128506,1.0,0.0
2024-06-27,0.001616968659342799,0.001616968659342799,0.9948118347436808,1.0531026551327562,1.0,0.0
2024-06-28,0.00014244337875690682,0.00014244337875690682,0.994953539102649,1.0532526626331313,1.0,0.0
2024-07-01,-0.0032757311052031834,-0.0032757311052031834,0.9916943388463785,1.049802490124506,1.0,0.0
2024-07-02,0.0025244105739461453,0.0025244105739461453,0.9941977825214848,1.0524526226311313,1.0,0.0
2024-07-03,0.0012352717597872154,0.0012352717597872154,0.9954258869658766,1.0537526876343815,1.0,0.0
2024-07-04,-0.0009490367277213974,-0.0009490367277213974,0.9944811912394214,1.0527526376318812,1.0,0.0
2024-07-05,-0.0012824166429181716,-0.0012824166429181716,0.9932058520087068,1.0514025701285061,1.0,0.0
2024-07-08,-0.002473010890759575,-0.002473010890759575,0.9907496431199231,1.0488024401220057,1.0,0.0
2024-07-09,0.0020023837902263253,0.0020023837902263253,0.9927335041454789,1.0509025451272558,1.0,0.0
2024-07-10,0.00023790265023548862,0.00023790265023548862,0.9929696780770927,1.0511525576278808,1.0,0.0
2024-07-11,0.0001902768528208032,0.0001902768528208032,0.9931586172223836,1.0513525676283808,1.0,0.0
2024-07-12,0.0,0.0010938837629601572,0.9931586172223836,1.052502625131256,0.0,1.0
2024-07-15,0.0,0.0009026557081095454,0.9931586172223836,1.0534526726336308,0.0,0.0
2024-07-16,0.0,0.00037972280235409883,0.9931586172223836,1.0538526926346308,0.0,0.0
2024-07-17,0.0,0.0005219206680584509,0.9931586172223836,1.0544027201360058,0.0,0.0
2024-07-18,-0.0,-0.001280409731113985,0.9931586172223836,1.0530526526326305,0.0,0.0
2024-07-19,0.0,0.001519468186134798,0.9931586172223836,1.0546527326366306,0.0,0.0
2024-07-22,0.0,0.002417978380428787,0.9931586172223836,1.0572028601430061,0.0,0.0
2024-07-23,0.0,0.001466206309416851,0.9931586172223836,1.0587529376468814,0.0,0.0
2024-07-24,-0.0,-9.445546424868834e-05,0.9931586172223836,1.0586529326466312,0.0,0.0
2024-07-25,-0.0,-0.00023616096731537972,0.9931586172223836,1.0584029201460061,0.0,0.0
2024-07-26,0.0,0.0008503803089714435,0.9931586172223836,1.0593029651482562,0.0,0.0
2024-07-29,0.00023601604909129215,0.00023601604909129215,0.9933930185953415,1.0595529776488812,1.0,1.0
2024-07-30,9.43841434637438e-05,9.43841434637438e-05,0.9934867791445244,1.059652982649131,1.0,0.0
2024-07-31,0.0014628161570404696,0.0014628161570404696,0.9949400676568632,1.0612030601530063,1.0,0.0
2024-08-01,0.001413560759553345,0.001413560759553345,0.9963464758946102,1.0627031351567564,1.0,0.0
2024-08-02,0.0004234696278173633,0.0004234696278173633,0.9967683983659344,1.0631531576578817,1.0,0.0
2024-08-05,0.0022575486783933396,0.0022575486783933396,0.9990186515463297,1.0655532776638819,1.0,0.0
2024-08-06,-0.0022524636320975233,-0.0022524636320975233,0.9967683983659346,1.0631531576578817,1.0,0.0
2024-08-07,0.0019283228294610932,0.0019283228294610932,0.9986904896241889,1.065203260163007,1.0,0.0
2024-08-08,-0.0030512134441158523,-0.0030512134441158523,0.995643271775737,1.0619530976548817,1.0,0.0
2024-08-09,-0.0023071852340145194,-0.0023071852340145194,0.9933461383207501,1.0595029751487564,1.0,0.0
2024-08-12,-0.005993675963943512,-0.005993675963943512,0.987392343447621,1.0531526576328807,1.0,0.0
2024-08-13,0.002136549235590035,0.002136549235590035,0.9895019558042414,1.0554027701385058,1.0,0.0
2024-08-14,0.0014687070640071465,0.0014687070640071465,0.99095524431658,1.0569528476423808,1.0,0.0
2024-08-15,-0.0013719367962909956,-0.0013719367962909956,0.9895957163534246,1.0555027751387558,1.0,0.0
2024-08-16,0.0014211947510540668,0.0014211947510540668,0.9910021245911717,1.057002850142506,1.0,0.0
2024-08-19,0.0009934244760869682,0.0009934244760869682,0.9919866103575947,1.0580529026451313,1.0,0.0
2024-08-20,-9.451795841197708e-05,-9.451795841197708e-05,0.9918928498084117,1.0579528976448813,1.0,0.0
2024-08-21,-0.0025994895547784003,-0.0025994895547784003,0.9893144347058754,1.0552027601380058,1.0,0.0
2024-08-22,0.003269677297066842,0.003269677297066842,0.9925491736526938,1.0586529326466314,1.0,0.0
2024-08-23,0.0008501794823352338,0.0008501794823352338,0.9933930185953421,1.0595529776488817,1.0,0.0
2024-08-26,0.0004719207173193851,0.0004719207173193851,0.9938618213412577,1.0600530026501316,1.0,0.0
2024-08-27,-0.002452830188679256,-0.002452830188679256,0.9914240470624961,1.0574528726436312,1.0,0.0
2024-08-28,0.00151314545110659,0.00151314545110659,0.9929242158494264,1.0590529526476316,1.0,0.0
2024-08-29,-0.0006610009442871156,-0.0006610009442871156,0.9922678920051443,1.0583529176458815,1.0,0.0
2024-08-30,-0.0007086837380705369,-0.0007086837380705369,0.9915646878862707,1.0576028801440063,1.0,0.0
2024-09-02,0.002600349865254703,0.002600349865254703,0.9941431029888071,1.0603530176508817,1.0,0.0
2024-09-03,0.0003300952560596482,0.0003300952560596482,0.9944712649109482,1.0607030351517568,1.0,0.0
2024-09-04,0.0,0.0006128317541129746,0.9944712649109482,1.0613530676533818,0.0,1.0
2024-09-05,0.0,0.00023556016206538466,0.9944712649109482,1.0616030801540068,0.0,0.0
2024-09-06,0.0,0.0013188262446421906,0.9944712649109482,1.063003150157507,0.0,0.0
2024-09-09,0.0,0.0009407780234254037,0.9944712649109482,1.0640032001600073,0.0,0.0
2024-09-10,0.0,0.0019267822736031004,0.9944712649109482,1.0660533026651327,0.0,0.0
2024-09-11,0.0,0.0009380863039401,0.9944712649109482,1.067053352667633,0.0,0.0
2024-09-12,-0.0,-0.0006091846298031944,0.9944712649109482,1.066403320166008,0.0,0.0
2024-09-13,0.0,0.0015942232850376659,0.9944712649109482,1.068103405170258,0.0,0.0
2024-09-18,0.0,0.0009362857544121805,0.9944712649109482,1.069103455172758,0.0,0.0
2024-09-19,-0.0,-0.0011224919320892424,0.9944712649109482,1.0679033951697579,0.0,0.0
2024-09-20,0.0,0.001685630004214067,0.9944712649109482,1.0697034851742582,0.0,0.0
2024-09-23,-0.0,-0.0003272098349926811,0.9944712649109482,1.0693534676733831,0.0,0.0
2024-09-24,-0.0,-0.0024314972411858538,0.9944712649109482,1.0667533376668827,0.0,0.0
2024-09-25,0.0026249179713133675,0.0026249179713133675,0.9970816704061677,1.069553477673883,1.0,1.0
2024-09-26,-0.003225806451612856,-0.003225806451612856,0.9938652779209866,1.0661033051652578,1.0,0.0
2024-09-27,-0.00905210825008207,-0.00905210825008207,0.9848687018392479,1.0564528226411316,1.0,0.0
2024-09-30,-0.0,-0.0026031806134040325,0.9848687018392479,1.0537026851342561,0.0,1.0
2024-10-08,-0.0,-0.00018981635267878438,0.9848687018392479,1.0535026751337562,0.0,0.0
2024-10-09,0.0,0.0025155441644122423,0.9848687018392479,1.0561528076403817,0.0,0.0
2024-10-10,0.0,0.0023672000757504197,0.9848687018392479,1.058652932646632,0.0,0.0
2024-10-11,0.0,0.0004723219346305374,0.9848687018392479,1.059152957647882,0.0,0.0
2024-10-14,0.0,0.0002360494759701126,0.9848687018392479,1.059402970148507,0.0,0.0
2024-10-15,0.0,0.002359937697644865,0.9848687018392479,1.0619030951547574,0.0,0.0
2024-10-16,-0.0,-0.000894664971512027,0.9848687018392479,1.0609530476523823,0.0,0.0
2024-10-17,0.0,0.002403619568291049,0.9848687018392479,1.0635031751587576,0.0,0.0
2024-10-18,-0.0,-0.0017396210447130356,0.9848687018392479,1.0616530826541324,0.0,0.0
2024-10-21,0.0,0.0008948756593820661,0.9848687018392479,1.0626031301565075,0.0,0.0
2024-10-22,-0.0,-0.002070490800432867,0.9848687018392479,1.0604030201510073,0.0,0.0
2024-10-23,-0.0,-0.0015560899702927733,0.9848687018392479,1.058752937646882,0.0,0.0
2024-10-24,-0.0,-0.0009917823746103949,0.9848687018392479,1.057702885144257,0.0,0.0
2024-10-25,0.0,0.00028364770954469876,0.9848687018392479,1.0580029001450069,0.0,0.0
2024-10-28,0.0,0.0005671345526725435,0.9848687018392479,1.0586029301465067,0.0,0.0
2024-10-29,0.0,0.0009919229134192076,0.9848687018392479,1.0596529826491319,0.0,0.0
2024-10-30,-0.0,-0.00018875047187616456,0.9848687018392479,1.059452972648632,0.0,0.0
2024-10-31,0.0,9.439305267133768e-05,0.9848687018392479,1.059552977648882,0.0,0.0
2024-11-01,0.0,0.0023124115148653868,0.9848687018392479,1.062003100155007,0.0,0.0
2024-11-04,-0.0,-0.0005179151560806838,0.9848687018392479,1.061453072653632,0.0,0.0
2024-11-05,0.0,0.001742980968532093,0.9848687018392479,1.0633031651582572,0.0,0.0
2024-11-06,-4.7025628967856115e-05,-4.7025628967856115e-05,0.9848223877690931,1.063253162658132,1.0,1.0
2024-11-07,0.0012227238525208683,0.0012227238525208683,0.986026553593115,1.0645532276613825,1.0,0.0
2024-11-08,0.00018788163457017504,0.00018788163457017504,0.9862118098737337,1.0647532376618825,1.0,0.0
2024-11-11,0.00014088475626938823,0.00014088475626938823,0.9863507520841978,1.0649032451622575,1.0,0.0
2024-11-12,0.0028172982110155065,0.0028172982110155065,0.9891295962934784,1.0679033951697579,1.0,0.0
2024-11-13,-0.0007023458350892131,-0.0007023458350892131,0.9884348852411582,1.0671533576678827,1.0,0.0
2024-11-14,4.68559647643918e-05,4.68559647643918e-05,0.988481199311313,1.0672033601680078,1.0,0.0
2024-11-15,-4.685376938584618e-05,-4.685376938584618e-05,0.9884348852411582,1.0671533576678827,1.0,0.0
2024-11-18,-0.001499390872457984,-0.001499390872457984,0.9869528349962086,1.0655532776638825,1.0,0.0
2024-11-19,0.0018770530267480101,0.0018770530267480101,0.9888053978023957,1.0675533776688828,1.0,0.0
2024-11-20,-0.0007494145199062885,-0.0007494145199062885,0.9880643726799209,1.0667533376668827,1.0,0.0
2024-11-21,0.0017811943376768724,0.0017811943376768724,0.9898243073457986,1.0686534326716328,1.0,0.0
2024-11-22,0.0006550626988583996,0.0006550626988583996,0.9904727043279642,1.069353467673383,1.0,0.0
2024-11-25,0.00154306555690642,0.00154306555690642,0.9920010686430686,1.0710035501775081,1.0,0.0
2024-11-26,-0.0005135627246836139,-0.0005135627246836139,0.9914916138713672,1.0704535226761331,1.0,0.0
2024-11-27,-0.0002802690582959233,-0.0002802690582959233,0.9912137294504392,1.0701535076753832,1.0,0.0
2024-11-28,0.0014951873656667836,0.0014951873656667836,0.9926957796953889,1.0717535876793833,1.0,0.0
2024-11-29,-0.0007464775590183548,-0.0007464775590183548,0.991954754572914,1.0709535476773833,1.0,0.0
2024-12-02,0.0038285554206740624,0.0038285554206740624,0.9957525083255976,1.0750537526876336,1.0,0.0
2024-12-03,-0.0018604651162791308,-0.0018604651162791308,0.9938999455194104,1.0730536526826333,1.0,0.0
2024-12-04,0.002609506057781985,0.002609506057781985,0.9964935334480725,1.0758537926896337,1.0,0.0
2024-12-05,-0.00013943112102621225,-0.00013943112102621225,0.9963545912376084,1.0757037851892586,1.0,0.0
2024-12-06,-0.00013945056477482343,-0.00013945056477482343,0.9962156490271443,1.0755537776888835,1.0,0.0
2024-12-09,-0.00032543003254292824,-0.00032543003254292824,0.9958914505360617,1.0752037601880085,1.0,0.0
2024-12-10,0.006510719434497547,0.006510719434497547,1.0023754203577167,1.0822041102055093,1.0,0.0
2024-12-11,-0.0008778819941782645,-0.0008778819941782645,1.0014954530247777,1.0812540627031342,1.0,0.0
2024-12-12,0.0014798372179058994,0.0014798372179058994,1.0029775032697272,1.0828541427071343,1.0,0.0
2024-12-13,0.0019394163280384014,0.0019394163280384014,1.0049226942162237,1.0849542477123846,1.0,0.0
2024-12-16,0.0020739238639506663,0.0020739238639506663,1.0070068273731843,1.08720436021801,1.0,0.0
2024-12-17,-0.0009198362691441586,-0.0009198362691441586,1.0060805459700906,1.0862043102155097,1.0,0.0
2024-12-18,-0.0013810247203424053,-0.0013810247203424053,1.0046911238654503,1.0847042352117595,1.0,0.0
2024-12-19,0.0006453694740238269,0.0006453694740238269,1.0053395208476157,1.0854042702135096,1.0,0.0
2024-12-20,0.0033169023817201104,0.0033169023817201104,1.0086741338987526,1.08900445022251,1.0,0.0
2024-12-23,-0.00128564213232929,-0.00128564213232929,1.0073773399344217,1.0876043802190098,1.0,0.0
2024-12-24,-0.00050572387476433,-0.00050572387476433,1.0068678851627202,1.0870543527176348,1.0,0.0
2024-12-25,-0.0009199632014720294,-0.0009199632014720294,1.0059416037596265,1.0860543027151346,1.0,0.0
2024-12-26,-0.0009208103130754486,-0.0009208103130754486,1.005015322356533,1.0850542527126346,1.0,0.0
2024-12-27,0.003317972350230347,0.003317972350230347,1.00834993540767,1.088654432721635,1.0,0.0
2024-12-30,-0.002434319309204458,-0.002434319309204458,1.005895289689472,1.0860043002150097,1.0,0.0
2024-12-31,0.003038813941709906,0.003038813941709906,1.0089520183196807,1.08930446522326,1.0,0.0
2025-01-02,0.002341060362635039,0.002341060362635039,1.0113140358975696,1.0918545927296355,1.0,0.0
2025-01-03,0.002381388532698203,0.002381388532698203,1.0137223675456128,1.0944547227361356,1.0,0.0
2025-01-06,0.00027412280701755165,0.00027412280701755165,1.014000251966541,1.0947547377368856,1.0,0.0
2025-01-07,-0.0008221430528911888,-0.0008221430528911888,1.0131665987037568,1.0938546927346355,1.0,0.0
2025-01-08,0.00041140976412501473,0.00041140976412501473,1.0135834253351488,1.0943047152357606,1.0,0.0
2025-01-09,-0.002147589673292205,-0.002147589673292205,1.011406664037879,1.0919545977298852,1.0,0.0
2025-01-10,-0.0002747504350215646,-0.0002747504350215646,1.0111287796169508,1.091654582729135,1.0,0.0
2025-01-13,-0.0014657383657017409,-0.0014657383657017409,1.009646729372001,1.090054502725135,1.0,0.0
2025-01-14,0.0012844036697248207,0.0012844036697248207,1.0109435233363322,1.091454572728635,1.0,0.0
2025-01-15,0.0016492578339746267,0.0016492578339746267,1.0126108298619005,1.0932546627331352,1.0,0.0
2025-01-16,-9.14745700694164e-05,-9.14745700694164e-05,1.0125182017215912,1.0931546577328852,1.0,0.0
2025-01-17,-0.0025157808068795307,-0.0025157808068795307,1.009970927863084,1.09040452022601,1.0,0.0
2025-01-20,0.0001375705048838327,0.0001375705048838327,1.010109870073548,1.090554527726385,1.0,0.0
2025-01-21,0.0017423200366804004,0.0017423200366804004,1.011869804739426,1.0924546227311354,1.0,0.0
2025-01-22,-0.0008238740388135657,-0.0008238740388135657,1.0110361514766417,1.0915545777288853,1.0,0.0
2025-01-23,-0.00041227668346310864,-0.00041227668346310864,1.0106193248452495,1.0911045552277603,1.0,0.0
2025-01-24,0.0,9.165482791795299e-05,1.0106193248452495,1.0912045602280103,0.0,1.0
2025-01-27,0.0,0.002062044631810478,1.0106193248452495,1.0934546727336356,0.0,0.0
2025-02-05,0.0,0.0008688494603987795,1.0106193248452495,1.0944047202360108,0.0,0.0
2025-02-06,0.0,0.0009137844382509641,1.0106193248452495,1.0954047702385108,0.0,0.0
2025-02-07,-0.0,-0.001186835258136676,1.0106193248452495,1.0941047052352606,0.0,0.0
2025-02-10,-0.0,-0.0016452630135734836,1.0106193248452495,1.0923046152307603,0.0,0.0
2025-02-11,0.0,0.0007324330510416477,1.0106193248452495,1.0931046552327606,0.0,0.0
2025-02-12,-0.0,-0.0014637939709987169,1.0106193248452495,1.0915045752287602,0.0,0.0
2025-02-13,-0.0,-0.00027486371340879057,1.0106193248452495,1.09120456022801,0.0,0.0
2025-02-14,-0.0,-0.00233698391605186,1.0106193248452495,1.0886544327216348,0.0,0.0
2025-02-17,-0.0,-0.0015157082491273899,1.0106193248452495,1.0870043502175095,0.0,0.0
2025-02-18,-0.0,-0.0009200055200330182,1.0106193248452495,1.0860043002150095,0.0,0.0
2025-02-19,0.0,0.0008287674386482369,1.0106193248452495,1.0869043452172598,0.0,0.0
2025-02-20,-0.0,-0.002438238947416904,1.0106193248452495,1.0842542127106343,0.0,0.0
2025-02-21,-0.0,-0.0023980815347722784,1.0106193248452495,1.0816540827041339,0.0,0.0
2025-02-24,-0.0,-0.0026812130177513716,1.0106193248452495,1.0787539376968835,0.0,0.0
2025-02-25,0.0,0.0018077315286919582,1.0106193248452495,1.0807040352017587,0.0,0.0
2025-02-26,0.0,0.001064174339517887,1.0106193248452495,1.0818540927046338,0.0,0.0
2025-02-27,-0.0,-0.0010630430763542975,1.0106193248452495,1.0807040352017587,0.0,0.0
2025-02-28,0.0,0.0017582010826817651,1.0106193248452495,1.082604130206509,0.0,0.0
2025-03-03,0.0,0.0018474897233384802,1.0106193248452495,1.0846042302115093,0.0,0.0
2025-03-04,-0.0,-0.0005071227698123515,1.0106193248452495,1.0840542027101343,0.0,0.0
2025-03-05,0.0,0.001014760147601379,1.0106193248452495,1.0851542577128843,0.0,0.0
2025-03-06,-0.0,-0.0024421712284582453,1.0106193248452495,1.082504125206259,0.0,0.0
2025-03-07,-0.0,-0.005635364220056394,1.0106193248452495,1.0764038201910082,0.0,0.0
2025-03-10,0.0,0.0005109862033725321,1.0106193248452495,1.0769538476923832,0.0,0.0
2025-03-11,-0.0,-0.004225090537654408,1.0106193248452495,1.0724036201810077,0.0,0.0
2025-03-12,0.0,0.004103137968014092,1.0106193248452495,1.0768038401920081,0.0,0.0
2025-03-13,-0.0,-0.000510796377989231,1.0106193248452495,1.0762538126906331,0.0,0.0
2025-03-14,-0.0,-0.00037167812674232525,1.0106193248452495,1.075853792689633,0.0,0.0
2025-03-17,-0.0,-0.004694181074549109,1.0106193248452495,1.0708035401770075,0.0,0.0
2025-03-18,0.0,0.0015409759514357635,1.0106193248452495,1.0724536226811325,0.0,0.0
2025-03-19,-0.0,-0.0001864975755314635,1.0106193248452495,1.0722536126806326,0.0,0.0
2025-03-20,0.0,0.0028912516321581982,1.0106193248452495,1.0753537676883829,0.0,0.0
2025-03-21,-0.0,-0.001069468985399391,1.0106193248452495,1.0742037101855078,0.0,0.0
2025-03-24,0.0,0.0016757436112273538,1.0106193248452495,1.0760038001900079,0.0,0.0
2025-03-25,0.0,0.0007435289743946694,1.0106193248452495,1.076803840192008,0.0,0.0
2025-03-26,0.0,0.0029719061992106166,1.0106193248452495,1.0800040002000084,0.0,0.0
2025-03-27,-0.0,-0.0009722672345942041,1.0106193248452495,1.0789539476973833,0.0,0.0
2025-03-28,-0.0,-0.00013903049402164136,1.0106193248452495,1.0788039401970084,0.0,0.0
2025-03-31,-0.0,-4.634994206254017e-05,1.0106193248452495,1.0787539376968835,0.0,0.0
2025-04-01,-0.0,-0.0010197459905442186,1.0106193248452495,1.0776538826941333,0.0,0.0
2025-04-02,0.0,0.0026911655530807987,1.0106193248452495,1.0805540277013836,0.0,0.0
2025-04-03,0.0,0.0048588616381306515,1.0106193248452495,1.0858042902145095,0.0,0.0
2025-04-07,0.0,0.005572185125489293,1.0106193248452495,1.0918545927296353,0.0,0.0
2025-04-08,-0.0,-0.002564572265982834,1.0106193248452495,1.089054452722635,0.0,0.0
2025-04-09,0.0,0.0013314967860422744,1.0106193248452495,1.0905045252262602,0.0,0.0
2025-04-10,-9.170525929669271e-05,-9.170525929669271e-05,1.0105266457380144,1.0904045202260102,1.0,1.0
2025-04-11,-0.0007795661943411636,-0.0007795661943411636,1.009738873326516,1.0895544777238853,1.0,0.0
2025-04-14,0.0008260670032125272,0.0008260670032125272,1.010572985291632,1.0904545227261353,1.0,0.0
2025-04-15,-0.0007336757153338924,-0.0007336757153338924,1.0098315524337511,1.0896544827241352,1.0,0.0
2025-04-16,0.0016060939794420026,0.0016060939794420026,1.0114534368103656,1.0914045702285105,1.0,0.0
2025-04-17,-0.001328629678838178,-0.001328629678838178,1.0101095897554564,1.0899544977248852,1.0,0.0
2025-04-18,0.00032113037893388707,0.00032113037893388707,1.0104339666307793,1.0903045152257602,1.0,0.0
2025-04-21,-0.0022471910112360494,-0.0022471910112360494,1.008163328503519,1.087854392719635,1.0,0.0
2025-04-22,0.0017466446037874839,0.0017466446037874839,1.009924231540986,1.0897544877243852,1.0,0.0
2025-04-23,-0.0018353675323483643,-0.0018353675323483643,1.0080706493962839,1.087754387719385,1.0,0.0
2025-04-24,-0.0008274340351198672,-0.0008274340351198672,1.007236537431168,1.0868543427171349,1.0,0.0
2025-04-25,0.0008281192491716993,0.0008281192491716993,1.0080706493962839,1.0877543877193847,1.0,0.0
2025-04-28,0.0006435598050933411,0.0006435598050933411,1.0087194031469298,1.0884544227211348,1.0,0.0
2025-04-29,0.0025725836089673937,0.0025725836089673937,1.0113144181495128,1.0912545627281351,1.0,0.0
2025-04-30,-0.0010997067448680342,-0.0010997067448680342,1.0102022688626915,1.090054502725135,1.0,0.0
2025-05-06,0.00041284403669727965,0.00041284403669727965,1.0106193248452495,1.09050452522626,1.0,0.0
2025-05-07,-0.00178825255628412,-0.00178825255628412,1.0088120822541649,1.0885544277213848,1.0,0.0
2025-05-08,0.0019292604501608412,0.0019292604501608412,1.0107583435061023,1.090654532726635,1.0,0.0
2025-05-09,0.0,0.0,1.0107583435061023,1.090654532726635,0.0,1.0
2025-05-12,-0.0,-0.004859710251237881,1.0107583435061023,1.0853542677133843,0.0,0.0
2025-05-13,0.0,0.001704597807058006,1.0107583435061023,1.0872043602180095,0.0,0.0
2025-05-14,-0.0,-0.0016557052844594633,1.0107583435061023,1.0854042702135092,0.0,0.0
2025-05-15,0.0,0.0001842723545399938,1.0107583435061023,1.0856042802140091,0.0,0.0
2025-05-16,-0.0,-0.0006908940168578459,1.0107583435061023,1.084854242712134,0.0,0.0
2025-05-19,0.0,0.0011522861356931813,1.0107583435061023,1.086104305215259,0.0,0.0
2025-05-20,0.0,0.0021638046130472155,1.0107583435061023,1.0884544227211344,0.0,0.0
2025-05-21,-0.0,-4.5938993017413665e-05,1.0107583435061023,1.0884044202210093,0.0,0.0
2025-05-22,-0.0,-0.0001837644140212369,1.0107583435061023,1.0882044102205093,0.0,0.0
2025-05-23,0.0,0.0003216468317785992,1.0107583435061023,1.088554427721384,0.0,0.0
2025-05-26,0.0,4.593477262293533e-05,1.0107583435061023,1.0886044302215092,0.0,0.0
2025-05-27,-0.0,-0.0011023839051950146,1.0107583435061023,1.087404370218509,0.0,0.0
2025-05-28,-0.0,-4.5983354025835865e-05,1.0107583435061023,1.087354367718384,0.0,0.0
2025-05-29,-0.0,-0.0023452588981882627,1.0107583435061023,1.0848042402120084,0.0,0.0
2025-05-30,0.0,0.0023046784973497214,1.0107583435061023,1.0873043652182588,0.0,0.0
2025-06-03,-0.0,-0.0003679006668199092,1.0107583435061023,1.0869043452172589,0.0,0.0
2025-06-04,0.0,0.0007360721350693211,1.0107583435061023,1.0877043852192592,0.0,0.0
2025-06-05,-0.0,-0.0004137360364088183,1.0107583435061023,1.0872543627181341,0.0,0.0
2025-06-06,0.0,0.001885577630610813,1.0107583435061023,1.0893044652232595,0.0,0.0
2025-06-09,0.0,0.0006885471654809461,1.0107583435061023,1.0900545027251347,0.0,0.0
2025-06-10,-0.0,-4.587155963298173e-05,1.0107583435061023,1.0900045002250098,0.0,0.0
2025-06-11,0.0,0.00045873663929540953,1.0107583435061023,1.09050452522626,0.0,0.0
2025-06-12,-0.0,-0.0004585262964831305,1.0107583435061023,1.0900045002250098,0.0,0.0
2025-06-13,0.0,0.00022936831964770477,1.0107583435061023,1.090254512725635,0.0,0.0
2025-06-16,-0.0,-4.586314437715622e-05,1.0107583435061023,1.09020451022551,0.0,0.0
2025-06-17,0.0,0.0013300921891481465,1.0107583435061023,1.091654582729135,0.0,0.0
2025-06-18,-0.0,-0.00018321729571268985,1.0107583435061023,1.091454572728635,0.0,0.0
2025-06-19,-0.0,-4.581271761039396e-05,1.0107583435061023,1.0914045702285102,0.0,0.0
2025-06-20,0.0,0.0001374444495350069,1.0107583435061023,1.0915545777288853,0.0,0.0
2025-06-23,0.0,4.5808520384715834e-05,1.0107583435061023,1.0916045802290102,0.0,0.0
2025-06-24,-0.0,-0.0011909669735696848,1.0107583435061023,1.09030451522576,0.0,0.0
2025-06-25,-0.0,-0.0002751662462737725,1.0107583435061023,1.09000450022501,0.0,0.0
2025-06-26,-0.0,-0.000412862975365913,1.0107583435061023,1.089554477723885,0.0,0.0
2025-06-27,0.0,0.0008719596145021491,1.0107583435061023,1.0905045252262602,0.0,0.0
2025-06-30,-0.0,-0.0013755788894493914,1.0107583435061023,1.0890044502225098,0.0,0.0
2025-07-01,0.0,0.0010101473896872992,1.0107583435061023,1.0901045052252598,0.0,0.0
2025-07-02,0.0,0.0011467363882391446,1.0107583435061023,1.0913545677283851,0.0,0.0
2025-07-03,-0.0,-0.000229084578026173,1.0107583435061023,1.09110455522776,0.0,0.0
2025-07-04,-0.0,-4.5827413959087515e-05,1.0107583435061023,1.091054552727635,0.0,0.0
2025-07-07,0.0,4.582951420717407e-05,1.0107583435061023,1.09110455522776,0.0,0.0
2025-07-08,-0.0,-0.0007790660373035996,1.0107583435061023,1.090254512725635,0.0,0.0
2025-07-09,0.0,0.00027517886626315935,1.0107583435061023,1.090554527726385,0.0,0.0
2025-07-10,-0.0,-0.0018798716185235431,1.0107583435061023,1.08850442522126,0.0,0.0
2025-07-11,-0.0,-0.000137810648169423,1.0107583435061023,1.0883544177208848,0.0,0.0
2025-07-14,-0.0,-0.0009188642837452132,1.0107583435061023,1.0873543677183848,0.0,0.0
2025-07-15,0.0,0.0014715349949414591,1.0107583435061023,1.088954447722385,0.0,0.0
2025-07-16,-0.0,-0.0005050968867664762,1.0107583435061023,1.08840442022101,0.0,0.0
2025-07-17,0.0,0.0004594110350530922,1.0107583435061023,1.08890444522226,0.0,0.0
2025-07-18,-0.0,-0.0008724801395968429,1.0107583435061023,1.087954397719885,0.0,0.0
2025-07-21,-0.0,-0.00027576063976464393,1.0107583435061023,1.087654382719135,0.0,0.0
2025-07-22,-0.0011493196027951846,-0.0011493196027951846,1.009596659128222,1.0864043202160099,1.0,1.0
2025-07-23,-0.001058590693607142,-0.001058590693607142,1.008527909500572,1.0852542627131345,1.0,0.0
2025-07-24,-0.0027644673792849295,-0.0027644673792849295,1.0057398669936592,1.0822541127056342,1.0,0.0
2025-07-25,-0.00036961744594332657,-0.00036961744594332657,1.0053681279927378,1.0818540927046343,1.0,0.0
2025-07-28,0.0019874283601404308,0.0019874283601404308,1.0073662251226918,1.0840042002100094,1.0,0.0
2025-07-29,-0.0024447622122791834,-0.0024447622122791834,1.0049034542415856,1.0813540677033842,1.0,0.0
2025-07-30,0.0015721816332192606,0.0015721816332192606,1.0064833449955028,1.0830541527076343,1.0,0.0
2025-07-31,0.0017082179132041908,0.0017082179132041908,1.008202637874766,1.0849042452122597,1.0,0.0
2025-08-01,-0.00046089321104292313,-0.00046089321104292313,1.007737964123614,1.0844042202110098,1.0,0.0
2025-08-04,0.0003227740120810285,0.0003227740120810285,1.0080632357494206,1.0847542377118848,1.0,0.0
2025-08-05,0.0006453397252697002,0.0006453397252697002,1.0087137790010337,1.085454272713635,1.0,0.0
2025-08-06,0.00013819789939195637,0.00013819789939195637,1.0088531811263792,1.08560428021401,1.0,0.0
2025-08-07,0.0005527152134860991,0.0005527152134860991,1.0094107896277615,1.08620431021551,1.0,0.0
2025-08-08,0.00023017078672382674,0.00023017078672382674,1.0096431265033377,1.086454322716135,1.0,0.0
2025-08-11,-0.0013346833578792294,-0.0013346833578792294,1.0082955726249965,1.0850042502125097,1.0,0.0
2025-08-12,-0.0006912760956726549,-0.0006912760956726549,1.0075985619982681,1.0842542127106345,1.0,0.0
2025-08-13,0.00013835085777524903,0.00013835085777524903,1.0077379641236137,1.0844042202110094,1.0,0.0
2025-08-14,-0.0010144326093973755,-0.0010144326093973755,1.006715681871079,1.0833041652082591,1.0,0.0
2025-08-15,-0.0002769443803369853,-0.0002769443803369853,1.0064368776203876,1.083004150207509,1.0,0.0
2025-08-18,-0.0,-0.0025855302645552136,1.0064368776203876,1.0802040102005086,0.0,1.0
2025-08-19,0.0,0.0003703189371846438,1.0064368776203876,1.0806040302015087,0.0,0.0
2025-08-20,-0.0,-0.0018509092591736387,1.0064368776203876,1.0786039301965085,0.0,0.0
2025-08-21,0.0,0.0013443975708127276,1.0064368776203876,1.0800540027001337,0.0,0.0
2025-08-22,-0.0,-0.003148148148148233,1.0064368776203876,1.0766538326916333,0.0,0.0
2025-08-25,0.0,0.0026936652424298657,1.0064368776203876,1.0795539776988836,0.0,0.0
2025-08-26,0.0,0.00041685965724869156,1.0064368776203876,1.0800040002000086,0.0,0.0
2025-08-27,0.0,0.00023149219871276827,1.0064368776203876,1.0802540127006335,0.0,0.0
2025-08-28,-0.0,-0.0020829476022957705,1.0064368776203876,1.0780039001950084,0.0,0.0
2025-08-29,0.0,0.00013915302193989731,1.0064368776203876,1.0781539076953834,0.0,0.0
2025-09-01,0.0,0.0017623597068916474,1.0064368776203876,1.0800540027001335,0.0,0.0
2025-09-02,-0.0,-0.0004166666666667318,1.0064368776203876,1.0796039801990085,0.0,0.0
2025-09-03,0.0,0.0018989393728867654,1.0064368776203876,1.0816540827041337,0.0,0.0
2025-09-04,0.0,0.0009245562130177909,1.0064368776203876,1.082654132706634,0.0,0.0
2025-09-05,-0.0,-0.002863476815074817,1.0064368776203876,1.0795539776988836,0.0,0.0
2025-09-08,-0.0,-0.0007874015748031704,1.0064368776203876,1.0787039351967584,0.0,0.0
2025-09-09,-0.0,-0.0008343763037128582,1.0064368776203876,1.0778038901945084,0.0,0.0
2025-09-10,-0.0,-0.0026443980514962995,1.0064368776203876,1.074953747687383,0.0,0.0
2025-09-11,0.0,0.0008372871895059308,1.0064368776203876,1.075853792689633,0.0,0.0
2025-09-12,0.0,0.0012084030488939135,1.0064368776203876,1.0771538576928832,0.0,0.0
2025-09-15,0.0,0.0008819979574785641,1.0064368776203876,1.0781039051952586,0.0,0.0
2025-09-16,0.0,0.0018088214832334693,1.0064368776203876,1.0800540027001337,0.0,0.0
2025-09-17,0.0,0.0014351851851852615,1.0064368776203876,1.081604080204009,0.0,0.0
2025-09-18,-0.0,-0.0006934492164024642,1.0064368776203876,1.0808540427021338,0.0,0.0
2025-09-19,-0.0,-0.00226683937823835,1.0064368776203876,1.0784039201960085,0.0,0.0
2025-09-22,0.0,0.0012982797792924217,1.0064368776203876,1.0798039901995087,0.0,0.0
2025-09-23,-0.0,-0.0024079648066681614,1.0064368776203876,1.0772038601930085,0.0,0.0
2025-09-24,-0.0,-0.000603444274242193,1.0064368776203876,1.0765538276913835,0.0,0.0
2025-09-25,-0.0,-0.0003715745471435383,1.0064368776203876,1.0761538076903834,0.0,0.0
2025-09-26,0.0,0.0006504971656910996,1.0064368776203876,1.0768538426921337,0.0,0.0
2025-09-29,-0.0,-0.00018573551263012522,1.0064368776203876,1.0766538326916335,0.0,0.0
2025-09-30,0.0,0.0017183726546534661,1.0064368776203876,1.0785039251962587,0.0,0.0
2025-10-09,0.0,0.0018545134220409043,1.0064368776203876,1.080504025201259,0.0,0.0
2025-10-10,-0.0,-0.000601601184691547,1.0064368776203876,1.079853992699634,0.0,0.0
2025-10-13,0.0,0.0007871828116317037,1.0064368776203876,1.080704035201759,0.0,0.0
2025-10-14,0.0,0.0009716374404293848,1.0064368776203876,1.081754087704384,0.0,0.0
2025-10-15,-0.0,-0.0003697882962004906,1.0064368776203876,1.081354067703384,0.0,0.0
2025-10-16,0.0,0.00032368445389807654,1.0064368776203876,1.081704085204259,0.0,0.0
2025-10-17,0.0,0.0012018675172189575,1.0064368776203876,1.083004150207509,0.0,0.0
2025-10-20,-0.0,-0.00170829678193829,1.0064368776203876,1.0811540577028838,0.0,0.0
2025-10-21,0.0,0.00032374433447412976,1.0064368776203876,1.0815040752037588,0.0,0.0
2025-10-22,0.0,0.0,1.0064368776203876,1.0815040752037588,0.0,0.0
2025-10-23,-0.0,-0.0010171528965740029,1.0064368776203876,1.0804040202010088,0.0,0.0
2025-10-24,-0.0,-0.0002776877863654992,1.0064368776203876,1.0801040052002588,0.0,0.0
2025-10-27,0.0,0.0015740012036480344,1.0064368776203876,1.0818040902045092,0.0,0.0
2025-10-28,0.0,0.002218627224404912,1.0064368776203876,1.0842042102105094,0.0,0.0
2025-10-29,0.0,0.0014296914633582514,1.0064368776203876,1.0857542877143844,0.0,0.0
2025-10-30,0.0005526388505112667,0.0005526388505112667,1.0069930737395478,1.0863543177158845,1.0,1.0
2025-10-31,0.0004602780079168145,0.0004602780079168145,1.0074565705055147,1.0868543427171347,1.0,0.0
2025-11-03,0.0,0.0,1.0074565705055147,1.0868543427171347,1.0,0.0
2025-11-04,-0.0001840264998160812,-0.0001840264998160812,1.0072711717991278,1.0866543327166345,1.0,0.0
2025-11-05,-0.00036812074360381697,-0.00036812074360381697,1.0069003743863545,1.0862543127156346,1.0,0.0
2025-11-06,-0.0007825446510771883,-0.0007825446510771883,1.0061124298842108,1.0854042702135094,1.0,0.0
2025-11-07,-0.0008292255954300831,-0.0008292255954300831,1.0052781357054705,1.0845042252112593,1.0,0.0
2025-11-10,0.0003688505694130484,0.0003688505694130484,1.0056489331182439,1.0849042452122593,1.0,0.0
2025-11-11,-9.217864220867344e-05,-9.217864220867344e-05,1.0055562337650505,1.0848042402120093,1.0,0.0
2025-11-12,0.00041484212952291877,0.00041484212952291877,1.0059733808544207,1.0852542627131343,1.0,0.0
2025-11-13,-0.0010136380390711741,-0.0010136380390711741,1.0049536879692935,1.084154207710384,1.0,0.0
2025-11-14,4.612120653080254e-05,4.612120653080254e-05,1.0050000376458903,1.0842042102105092,1.0,0.0
2025-11-17,0.0006456671124843716,0.0006456671124843716,1.0056489331182439,1.0849042452122593,1.0,0.0
2025-11-18,0.00013826796331284363,0.00013826796331284363,1.0057879821480338,1.0850542527126341,1.0,0.0
2025-11-19,-0.0006912442396314056,-0.0006912442396314056,1.0050927369990834,1.084304215210759,1.0,0.0
2025-11-20,0.0005533779109982984,0.0005533779109982984,1.0056489331182434,1.0849042452122588,1.0,0.0
2025-11-21,-0.0005069825321472043,-0.0005069825321472043,1.00513908667568,1.0843542177108838,1.0,0.0
2025-11-24,0.0006916904915612587,0.0006916904915612587,1.0058343318246301,1.0851042552127588,1.0,0.0
2025-11-25,-0.002626607068798692,-0.002626607068798692,1.0031924002586192,1.0822541127056333,1.0,0.0
2025-11-26,-0.003418961374976992,-0.003418961374976992,0.9997625241904645,1.0785539276963827,1.0,0.0
2025-11-27,0.0,0.0004172461752434131,0.9997625241904645,1.0790039501975077,0.0,1.0
2025-11-28,0.0,0.0004170721534826338,0.9997625241904645,1.079453972698633,0.0,0.0
2025-12-01,0.0009264406151565652,0.0009264406151565652,1.000688744798386,1.080454022701133,1.0,1.0
2025-12-02,-0.0005553498704183868,-0.0005553498704183868,1.0001330124336332,1.079853992699633,1.0,0.0
2025-12-03,0.0005556584552695032,0.0005556584552695032,1.000688744798386,1.080454022701133,1.0,0.0
2025-12-04,-0.003424657534246589,-0.003424657534246589,0.9972617285490766,1.0767538376918826,1.0,0.0
2025-12-05,0.0018575276307235544,0.0018575276307235544,0.9991141697649196,1.0787539376968829,1.0,0.0
2025-12-08,0.0003708167238340998,0.0003708167238340998,0.9994846580080881,1.0791539576978828,1.0,0.0
2025-12-09,0.0006486887220833459,0.0006486887220833459,1.0001330124336332,1.0798539926996331,1.0,0.0
2025-12-10,0.000463048712724623,0.000463048712724623,1.000596122737594,1.0803540177008832,1.0,0.0
2025-12-11,0.000647968156993306,0.000647968156993306,1.0012444771631388,1.081054052702633,1.0,0.0
2025-12-12,-0.0010638297872339608,-0.0010638297872339608,1.0001793234640293,1.079903995199758,1.0,0.0
2025-12-15,-0.0010649627263045192,-0.0010649627263045192,0.9991141697649196,1.0787539376968829,1.0,0.0
2025-12-16,0.00032446463335489284,0.00032446463335489284,0.9994383469776921,1.079103955197758,1.0,0.0
2025-12-17,0.000926741114869456,0.000926741114869456,1.0003645675856134,1.080104005200258,1.0,0.0
2025-12-18,4.629415304857609e-05,4.629415304857609e-05,1.0004108786160095,1.080154007700383,1.0,0.0
2025-12-19,0.0,0.0012961762799741372,1.0004108786160095,1.0815540777038832,0.0,1.0
2025-12-22,-0.0,-0.0015718908922792707,1.0004108786160095,1.079853992699633,0.0,0.0
2025-12-23,0.0,0.0022226338210780128,1.0004108786160095,1.0822541127056333,0.0,0.0
2025-12-24,0.0,9.240436148583164e-05,1.0004108786160095,1.0823541177058833,0.0,0.0
2025-12-25,-0.0,-0.0003233853829808231,1.0004108786160095,1.082004100205008,0.0,0.0
2025-12-26,0.0,0.0009704699847497,1.0004108786160095,1.0830541527076332,0.0,0.0
2025-12-29,-0.0,-0.0030470914127423976,1.0004108786160095,1.0797539876993827,0.0,0.0
2025-12-30,-0.0,-0.00027785495971099916,1.0004108786160095,1.0794539726986327,0.0,0.0
2025-12-31,-0.0,-0.00106540670743005,1.0004108786160095,1.0783039151957576,0.0,0.0
2026-01-05,0.0,0.0002782286111755461,1.0004108786160095,1.0786039301965078,0.0,0.0
2026-01-06,-0.0,-0.0014371146446617855,1.0004108786160095,1.0770538526926325,0.0,0.0
2026-01-07,-0.0,-0.0008356545961003548,1.0004108786160095,1.0761538076903823,0.0,0.0
2026-01-08,0.0,0.0016727069974911135,1.0004108786160095,1.0779538976948826,0.0,0.0
2026-01-12,0.0005102514147878878,0.0005102514147878878,1.0009213396821925,1.0785039251962576,1.0,1.0
2026-01-13,9.272567110207852e-05,9.272567110207852e-05,1.001014150785135,1.0786039301965076,1.0,0.0
2026-01-15,0.0016689073292845968,0.0016689073292845968,1.0026847506380978,1.0804040202010077,1.0,0.0
2026-01-16,0.0002776877863654992,0.0002776877863654992,1.0029631839469249,1.0807040352017576,1.0,0.0
2026-01-19,-0.00032387914680975793,-0.00032387914680975793,1.0026383450866265,1.0803540177008826,1.0,0.0
2026-01-20,0.0013885031935574332,0.0013885031935574332,1.0040305116307624,1.081854092704633,1.0,0.0
2026-01-21,0.00018487705675718225,0.00018487705675718225,1.004216133836647,1.082054102705133,1.0,0.0
2026-01-22,-0.00046210720887240875,-0.00046210720887240875,1.0037520783219351,1.081554077703883,1.0,0.0
2026-01-23,0.0004160887656032841,0.0004160887656032841,1.0041697282851758,1.082004100205008,1.0,0.0
2026-01-26,-0.0001386385692498937,-0.0001386385692498937,1.0040305116307624,1.0818540927046332,1.0,0.0
2026-01-27,4.621926418924005e-05,4.621926418924005e-05,1.0040769171822335,1.081904095204758,1.0,0.0
2026-01-28,0.00023108564033824663,0.00023108564033824663,1.0043089449395894,1.0821541077053831,1.0,0.0
2026-01-29,0.00036965160336399627,0.00036965160336399627,1.0046801893513593,1.0825541277063833,1.0,0.0
2026-01-30,0.0005080831408776909,0.0005080831408776909,1.0051906504175425,1.0831041552077585,1.0,0.0
2026-02-02,-0.0005078251234938991,-0.0005078251234938991,1.0046801893513593,1.0825541277063833,1.0,0.0
2026-02-03,9.237875288681252e-05,9.237875288681252e-05,1.0047730004543016,1.0826541327066332,1.0,0.0
2026-02-04,-0.00018474043968230713,-0.00018474043968230713,1.0045873782484167,1.082454122706133,1.0,0.0
2026-02-05,0.0007390983000739038,0.0007390983000739038,1.0053298670719557,1.0832541627081331,1.0,0.0
2026-02-06,0.0009231905465287849,0.0009231905465287849,1.0062579781013796,1.0842542127106332,1.0,0.0
2026-02-09,0.0006456373362848655,0.0006456373362848655,1.0069076558219765,1.0849542477123832,1.0,0.0
2026-02-10,-4.608719697662966e-05,-4.608719697662966e-05,1.0068612502705054,1.0849042452122584,1.0,0.0
2026-02-11,0.0005069825321473154,0.0005069825321473154,1.0073717113366887,1.0854542727136334,1.0,0.0
2026-02-12,0.00041459369817564706,0.00041459369817564706,1.0077893612999294,1.0859042952147582,1.0,0.0
2026-02-13,-0.0007367500115117442,-0.0007367500115117442,1.0070468724763901,1.085104255212758,1.0,0.0
2026-02-24,-4.6080825768402e-05,-4.6080825768402e-05,1.0070004669249188,1.085054252712633,1.0,0.0
2026-02-25,-0.00018433179723498228,-0.00018433179723498228,1.0068148447190342,1.084854242712133,1.0,0.0
2026-02-26,-0.001014011799410075,-0.001014011799410075,1.0057939225866679,1.0837541877093828,1.0,0.0
2026-02-27,0.00023069115068730106,0.00023069115068730106,1.0060259503440236,1.0840042002100077,1.0,0.0
2026-03-02,0.001245444900595194,0.001245444900595194,1.007278900233746,1.085354267713383,1.0,0.0
2026-03-03,-0.0002764212660094634,-0.0002764212660094634,1.0070004669249188,1.0850542527126328,1.0,0.0
2026-03-04,0.0005069124423964233,0.0005069124423964233,1.007510927991102,1.085604280214008,1.0,0.0
2026-03-05,-9.211920224772019e-05,-9.211920224772019e-05,1.0074181168881597,1.085504275213758,1.0,0.0
2026-03-06,-9.212768897692847e-05,-9.212768897692847e-05,1.0073253057852174,1.085404270213508,1.0,0.0
2026-03-09,-0.002026995899940154,-0.002026995899940154,1.0052834615204849,1.0832041602080078,1.0,0.0
2026-03-10,-9.232331625341761e-05,-9.232331625341761e-05,1.0051906504175425,1.0831041552077578,1.0,0.0
2026-03-11,-0.0004154932828586144,-0.0004154932828586144,1.0047730004543018,1.0826541327066328,1.0,0.0
2026-03-12,0.0004618510992056013,0.0004618510992056013,1.0052370559690138,1.083154157707883,1.0,0.0
2026-03-13,-0.0008309482042286875,-0.0008309482042286875,1.0044017560425322,1.0822541127056327,1.0,0.0
2026-03-16,-0.0009240436148585385,-0.0009240436148585385,1.0034736450131085,1.0812540627031326,1.0,0.0
2026-03-17,0.0001849796522381819,0.0001849796522381819,1.0036592672189932,1.0814540727036326,1.0,0.0
2026-03-18,0.0011559090068429256,0.0011559090068429256,1.0048194060057731,1.0827041352067577,1.0,0.0
2026-03-19,0.000600378700410964,0.000600378700410964,1.0054226781748985,1.0833541677083827,1.0,0.0
2026-03-20,-0.0006923289947383671,-0.0006923289947383671,1.0047265949028306,1.0826041302065075,1.0,0.0
2026-03-23,-0.0010161193478360753,-0.0010161193478360753,1.0037056727704643,1.0815040752037575,1.0,0.0
2026-03-24,0.00018493689028620253,0.00018493689028620253,1.003891294976349,1.0817040852042574,1.0,0.0
2026-03-25,-9.245134747848383e-05,-9.245134747848383e-05,1.0037984838734064,1.0816040802040072,1.0,0.0
2026-03-26,0.0008321390596828238,0.0008321390596828238,1.004633783799888,1.0825041252062573,1.0,0.0
2026-03-27,-9.238302000091902e-05,-9.238302000091902e-05,1.0045409726969456,1.0824041202060073,1.0,0.0
2026-03-30,0.0014320691088833826,0.0014320691088833826,1.0059795447925526,1.0839541977098823,1.0,0.0
2026-03-31,9.225943352708654e-05,9.225943352708654e-05,1.006072355895495,1.0840542027101323,1.0,0.0
2026-04-01,-0.0017988929889299898,-0.0017988929889299898,1.0042625393881182,1.082104105205257,1.0,0.0
2026-04-02,-4.620858555515195e-05,-4.620858555515195e-05,1.004216133836647,1.082054102705132,1.0,0.0
2026-04-03,0.0006469500924213278,0.0006469500924213278,1.0048658115572437,1.082754137706882,1.0,0.0
2026-04-07,0.0002309042209291956,0.0002309042209291956,1.0050978393145997,1.083004150207507,1.0,0.0
2026-04-08,0.00027702109977378875,0.00027702109977378875,1.005376272623427,1.0833041652082571,1.0,0.0
2026-04-09,-0.0003231017770597422,-0.0003231017770597422,1.0050514337631287,1.082954147707382,1.0,0.0
2026-04-10,-0.0002770338904792835,-0.0002770338904792835,1.0047730004543014,1.0826541327066321,1.0,0.0
2026-04-13,0.0009698873083316961,0.0009698873083316961,1.0057475170351964,1.0837041852092573,1.0,0.0
2026-04-14,0.0,0.0011996493332719904,1.0057475170351964,1.0850042502125077,0.0,1.0
2026-04-15,0.0007834462417621868,0.0007834462417621868,1.0065354661475792,1.0858542927146326,1.0,1.0
2026-04-16,-0.00018419598452745767,-0.00018419598452745767,1.0063500663564302,1.0856542827141327,1.0,0.0
2026-04-17,0.0016120117907147957,0.0016120117907147957,1.0079723145289834,1.0874043702185079,1.0,0.0
2026-04-20,-0.00018393341610334346,-0.00018393341610334346,1.0077869147378344,1.087204360218008,1.0,0.0
2026-04-21,0.0003679345076574858,0.0003679345076574858,1.0081577143201321,1.0876043802190078,1.0,0.0
2026-04-22,0.0007815732609994797,0.0007815732609994797,1.0089456634325151,1.088454422721133,1.0,0.0
2026-04-23,-0.0008269018743108925,-0.0008269018743108925,1.008111364372345,1.087554377718883,1.0,0.0
2026-04-24,0.0006896551724138167,0.0006896551724138167,1.0088066135891536,1.0883044152207582,1.0,0.0
