product,method,candidate_id,cost_bp,scope,start,end,days,bars,cumulative_return,annualized_return,annualized_volatility,sharpe_ratio,max_drawdown,turnover,blocked_zero_volume,zero_volume_close_exits,performance_status
TS,selected,1,0,training,2018-08-20 09:20:00,2024-12-31 15:15:00,1545,80184,,,,,,1856.0,539,27,blocked_zero_volume_exit
TS,selected,1,0,holdout,2025-01-02 09:35:00,2026-09-30 15:15:00,424,21624,-0.0006213193124455785,-0.0003693212361018938,0.003121944420577217,-0.116762787461297,-0.0037298607423931207,552.0,4,0,ohlc_research
TS,selected,1,0,all,2018-08-20 09:20:00,2026-09-30 15:15:00,1969,101808,,,,,,2408.0,543,27,blocked_zero_volume_exit
TS,selected,1,1,training,2018-08-20 09:20:00,2024-12-31 15:15:00,1545,80184,,,,,,1856.0,539,27,blocked_zero_volume_exit
TS,selected,1,1,holdout,2025-01-02 09:35:00,2026-09-30 15:15:00,424,21624,-0.054294692371149145,-0.03263420522293303,0.0034769477789482763,-9.540080246353018,-0.054294692371149145,552.0,4,0,ohlc_research
TS,selected,1,1,all,2018-08-20 09:20:00,2026-09-30 15:15:00,1969,101808,,,,,,2408.0,543,27,blocked_zero_volume_exit
TS,selected,1,3,training,2018-08-20 09:20:00,2024-12-31 15:15:00,1545,80184,,,,,,1856.0,539,27,blocked_zero_volume_exit
TS,selected,1,3,holdout,2025-01-02 09:35:00,2026-09-30 15:15:00,424,21624,-0.15316241619957094,-0.09408228314415235,0.005526604522620138,-17.872128529989055,-0.15316241619957094,552.0,4,0,ohlc_research
TS,selected,1,3,all,2018-08-20 09:20:00,2026-09-30 15:15:00,1969,101808,,,,,,2408.0,543,27,blocked_zero_volume_exit
TS,fixed_baseline,1,1,training,2018-08-20 09:20:00,2024-12-31 15:15:00,1545,80184,,,,,,1856.0,539,27,blocked_zero_volume_exit
TS,fixed_baseline,1,1,holdout,2025-01-02 09:35:00,2026-09-30 15:15:00,424,21624,-0.054294692371149145,-0.03263420522293303,0.0034769477789482763,-9.540080246353018,-0.054294692371149145,552.0,4,0,ohlc_research
TS,long_intraday,-1,1,holdout,2025-01-02 09:35:00,2026-09-30 15:15:00,424,21624,-0.09091587668136036,-0.05507625954325446,0.005590416374936808,-10.12967341502602,-0.09166305548285214,848.0,0,0,ohlc_research
TF,selected,2,0,training,2013-09-09 09:20:00,2024-12-31 15:15:00,2751,145308,-0.0029119306827003477,-0.00026709518796730336,0.014563083374818406,-0.011063324424322259,-0.04730443773136861,3614.0,43,0,ohlc_research
TF,selected,2,0,holdout,2025-01-02 09:35:00,2026-09-30 15:15:00,424,21624,-0.008016029773267985,-0.004772019495969282,0.008584193885743765,-0.5529510251881985,-0.0180916076256028,656.0,0,0,ohlc_research
TF,selected,2,0,all,2013-09-09 09:20:00,2026-09-30 15:15:00,3175,166932,-0.010904618332916005,-0.0008698754191848179,0.013913385227988719,-0.05559265186264291,-0.05401692215575116,4270.0,43,0,ohlc_research
TF,selected,2,1,training,2013-09-09 09:20:00,2024-12-31 15:15:00,2751,145308,-0.3053410336907828,-0.03282335766726774,0.014638760157801788,-2.2723763337922485,-0.30990434511032494,3614.0,43,0,ohlc_research
TF,selected,2,1,holdout,2025-01-02 09:35:00,2026-09-30 15:15:00,424,21624,-0.07100471087629723,-0.042829814205544325,0.008709720346468816,-5.02110488062775,-0.0754489601076932,656.0,0,0,ohlc_research
TF,selected,2,1,all,2013-09-09 09:20:00,2026-09-30 15:15:00,3175,166932,-0.35466509275119507,-0.034165681352182564,0.013993818562468058,-2.4769976978531725,-0.3589043875627541,4270.0,43,0,ohlc_research
TF,selected,2,3,training,2013-09-09 09:20:00,2024-12-31 15:15:00,2751,145308,-0.6628673618787418,-0.09479882012584484,0.015242856844317412,-6.525164777602827,-0.6636863756527076,3614.0,43,0,ohlc_research
TF,selected,2,3,holdout,2025-01-02 09:35:00,2026-09-30 15:15:00,424,21624,-0.18525317386407625,-0.11464539276434527,0.00952965073578489,-12.769857726962107,-0.18720210108477076,656.0,0,0,ohlc_research
TF,selected,2,3,all,2013-09-09 09:20:00,2026-09-30 15:15:00,3175,166932,-0.7253222531038739,-0.09747472069577567,0.014616314711843013,-7.007979773734358,-0.7259895419767739,4270.0,43,0,ohlc_research
TF,fixed_baseline,1,1,training,2013-09-09 09:20:00,2024-12-31 15:15:00,2751,145308,-0.312498156658639,-0.03374047213137121,0.01435039627576285,-2.384429061688439,-0.31710083924926336,3566.0,32,0,ohlc_research
TF,fixed_baseline,1,1,holdout,2025-01-02 09:35:00,2026-09-30 15:15:00,424,21624,-0.06318148466023021,-0.03804729522453265,0.008688284607713663,-4.4599540239834905,-0.06703969705419344,674.0,0,0,ohlc_research
TF,long_intraday,-1,1,holdout,2025-01-02 09:35:00,2026-09-30 15:15:00,424,21624,-0.09010123470392317,-0.05457308895711954,0.012451084214957834,-4.500419964762999,-0.09229009854637649,848.0,0,0,ohlc_research
T,selected,1,0,training,2015-03-23 09:20:00,2024-12-31 15:15:00,2381,125328,0.05248738786137319,0.0054289585488165315,0.02047193019153645,0.27471093086463216,-0.03308857019086675,3400.0,6,0,ohlc_research
T,selected,1,0,holdout,2025-01-02 09:35:00,2026-09-30 15:15:00,424,21624,-0.024540734408669218,-0.014658979135824146,0.012217170633492237,-1.2026165988962236,-0.03219784798819603,684.0,0,0,ohlc_research
T,selected,1,0,all,2015-03-23 09:20:00,2026-09-30 15:15:00,2805,146952,0.026658574407395497,0.0023664231656732593,0.01945388484138009,0.13122613809136097,-0.04876473971413742,4084.0,6,0,ohlc_research
T,selected,1,1,training,2015-03-23 09:20:00,2024-12-31 15:15:00,2381,125328,-0.25088344817699626,-0.03010979517396184,0.020502387576772103,-1.4808198636151835,-0.2583398041839785,3400.0,6,0,ohlc_research
T,selected,1,1,holdout,2025-01-02 09:35:00,2026-09-30 15:15:00,424,21624,-0.08903454060550409,-0.05391451244485512,0.012325361715701852,-4.489964079879878,-0.09528108188060114,684.0,0,0,ohlc_research
T,selected,1,1,all,2015-03-23 09:20:00,2026-09-30 15:15:00,2805,146952,-0.3175806962285369,-0.03374614393344766,0.019494128874043896,-1.7511066715220978,-0.3230077246743581,4084.0,6,0,ohlc_research
T,selected,1,3,training,2015-03-23 09:20:00,2024-12-31 15:15:00,2381,125328,-0.6205364473223574,-0.09747290085152849,0.020861347715431033,-4.904666751107793,-0.6227988521664928,3400.0,6,0,ohlc_research
T,selected,1,3,holdout,2025-01-02 09:35:00,2026-09-30 15:15:00,424,21624,-0.20552810129330434,-0.12780675784807372,0.012910325293899431,-10.582533875532137,-0.20939589595395636,684.0,0,0,ohlc_research
T,selected,1,3,all,2015-03-23 09:20:00,2026-09-30 15:15:00,2805,146952,-0.6985268708142051,-0.10212492070569879,0.019877936109036716,-5.408187542737176,-0.7000788312323294,4084.0,6,0,ohlc_research
T,fixed_baseline,1,1,training,2015-03-23 09:20:00,2024-12-31 15:15:00,2381,125328,-0.25088344817699626,-0.03010979517396184,0.020502387576772103,-1.4808198636151835,-0.2583398041839785,3400.0,6,0,ohlc_research
T,fixed_baseline,1,1,holdout,2025-01-02 09:35:00,2026-09-30 15:15:00,424,21624,-0.08903454060550409,-0.05391451244485512,0.012325361715701852,-4.489964079879878,-0.09528108188060114,684.0,0,0,ohlc_research
T,long_intraday,-1,1,holdout,2025-01-02 09:35:00,2026-09-30 15:15:00,424,21624,-0.08029362006411278,-0.04852960721811761,0.017032603485004662,-2.9118884600114696,-0.08336527669246907,848.0,0,0,ohlc_research
TL,selected,5,0,training,2023-04-24 09:35:00,2024-12-31 15:15:00,411,20961,-0.0047481950038889,-0.002913981807210586,0.041055749571984435,-0.05059350454650578,-0.04041312858996471,690.0,4,0,ohlc_research
TL,selected,5,0,holdout,2025-01-02 09:35:00,2026-09-30 15:15:00,424,21624,0.011901466438151376,0.007056532319956954,0.03885849282933514,0.20034147492093593,-0.03652388706958398,746.0,0,0,ohlc_research
TL,selected,5,0,all,2023-04-24 09:35:00,2026-09-30 15:15:00,835,42585,0.007096760950784153,0.0021364919372837132,0.03993232744971372,0.07339110825490879,-0.04296294519377475,1436.0,4,0,ohlc_research
TL,selected,5,1,training,2023-04-24 09:35:00,2024-12-31 15:15:00,411,20961,-0.07110814189721715,-0.04421942901107068,0.04106575322828995,-1.080734903616941,-0.07397132786989657,690.0,4,0,ohlc_research
TL,selected,5,1,holdout,2025-01-02 09:35:00,2026-09-30 15:15:00,424,21624,-0.06084291989114177,-0.036620825200040286,0.038859647980341624,-0.9406186111056724,-0.08355058604882182,746.0,0,0,ohlc_research
TL,selected,5,1,all,2023-04-24 09:35:00,2026-09-30 15:15:00,835,42585,-0.12762463480730035,-0.04036849602021664,0.039937506887562105,-1.011723281248114,-0.13008131267484035,1436.0,4,0,ohlc_research
TL,selected,5,3,training,2023-04-24 09:35:00,2024-12-31 15:15:00,411,20961,-0.19086585488380292,-0.12177897973056351,0.041185053686223994,-3.1316355492123136,-0.19206798778851308,690.0,4,0,ohlc_research
TL,selected,5,3,holdout,2025-01-02 09:35:00,2026-09-30 15:15:00,424,21624,-0.19103722434543724,-0.11838639806853157,0.038944385418264796,-3.2151735541492634,-0.19956400718626965,746.0,0,0,ohlc_research
TL,selected,5,3,all,2023-04-24 09:35:00,2026-09-30 15:15:00,835,42585,-0.3454405960899197,-0.12005791424424384,0.04003904924089809,-3.173538655810394,-0.34581422986893173,1436.0,4,0,ohlc_research
TL,fixed_baseline,1,1,training,2023-04-24 09:35:00,2024-12-31 15:15:00,411,20961,-0.08207625532450358,-0.05115496329002822,0.039338091985045544,-1.3150442852906874,-0.10312686607801136,698.0,1,0,ohlc_research
TL,fixed_baseline,1,1,holdout,2025-01-02 09:35:00,2026-09-30 15:15:00,424,21624,-0.0864370850930557,-0.052312151438897336,0.03879175960441157,-1.3655903774397253,-0.10478475946104215,726.0,0,0,ohlc_research
TL,long_intraday,-1,1,holdout,2025-01-02 09:35:00,2026-09-30 15:15:00,424,21624,-0.11745125494973851,-0.07156744477501142,0.051985874895125135,-1.4022544488442006,-0.15795645086818866,848.0,0,0,ohlc_research
