product,candidate_id,N,M,n,S,trend_method,ma_len_days,compare_lag_days,start,end,days,bars,cumulative_return,annualized_return,annualized_volatility,sharpe_ratio,max_drawdown,turnover,blocked_zero_volume,zero_volume_close_exits,performance_status
TS,0,16,600,2.0,0.3,ma_compare,5,2,2018-08-20 09:20:00,2024-12-31 15:15:00,1545,80184,-0.2052241428402537,-0.03677171494484788,0.00594354126181636,-6.300014954716473,-0.2052253872072165,2322.0,671,34,blocked_zero_volume_exit
TS,1,16,600,2.0,0.5,ma_compare,5,2,2018-08-20 09:20:00,2024-12-31 15:15:00,1545,80184,-0.16293368205030145,-0.028592148492700753,0.005251723439852156,-5.520742326037662,-0.16293368205030145,1856.0,539,27,blocked_zero_volume_exit
TS,2,16,600,2.0,0.5,price_compare,5,2,2018-08-20 09:20:00,2024-12-31 15:15:00,1545,80184,-0.1722374621591759,-0.030361451508611026,0.005252690462734205,-5.866751745033254,-0.1722802231047369,1858.0,535,22,blocked_zero_volume_exit
TS,3,20,800,2.0,0.3,ma_compare,5,2,2018-08-20 09:20:00,2024-12-31 15:15:00,1545,80184,-0.20317869322095927,-0.0363678109131188,0.00609626257523857,-6.073279689650115,-0.20317994079044754,2328.0,966,34,blocked_zero_volume_exit
TS,4,20,800,2.0,0.5,ma_compare,5,2,2018-08-20 09:20:00,2024-12-31 15:15:00,1545,80184,-0.1662085428525445,-0.029213044329856497,0.005346882945294329,-5.5419596704480965,-0.1662085428525445,1874.0,522,27,blocked_zero_volume_exit
TS,5,20,800,2.0,0.5,price_compare,5,2,2018-08-20 09:20:00,2024-12-31 15:15:00,1545,80184,-0.17042269681994315,-0.03001503500688607,0.005411215869070265,-5.628722172703617,-0.17042269681994315,1880.0,471,25,blocked_zero_volume_exit
TF,0,16,600,2.0,0.3,ma_compare,5,2,2013-09-09 09:20:00,2024-12-31 15:15:00,2751,145308,-0.3501285278918197,-0.03870999892165872,0.015744839818774604,-2.4993646530152884,-0.3539520068948754,4128.0,56,0,ohlc_research
TF,1,16,600,2.0,0.5,ma_compare,5,2,2013-09-09 09:20:00,2024-12-31 15:15:00,2751,145308,-0.312498156658639,-0.03374047213137121,0.01435039627576285,-2.384429061688439,-0.31710083924926336,3566.0,32,0,ohlc_research
TF,2,16,600,2.0,0.5,price_compare,5,2,2013-09-09 09:20:00,2024-12-31 15:15:00,2751,145308,-0.3053410336907828,-0.03282335766726774,0.014638760157801788,-2.2723763337922485,-0.30990434511032494,3614.0,43,0,ohlc_research
TF,3,20,800,2.0,0.3,ma_compare,5,2,2013-09-09 09:20:00,2024-12-31 15:15:00,2751,145308,-0.3584304946215102,-0.039841489807526886,0.01557545399603327,-2.6023189841555325,-0.3619476987214152,4034.0,38,0,ohlc_research
TF,4,20,800,2.0,0.5,ma_compare,5,2,2013-09-09 09:20:00,2024-12-31 15:15:00,2751,145308,-0.321216394154913,-0.03486941782436581,0.01395047908058496,-2.5369775708752393,-0.3259784543905938,3450.0,27,0,ohlc_research
TF,5,20,800,2.0,0.5,price_compare,5,2,2013-09-09 09:20:00,2024-12-31 15:15:00,2751,145308,-0.30422129075312554,-0.03268065086239691,0.014200296621925446,-2.3325976067875023,-0.3096811984520248,3530.0,31,0,ohlc_research
T,0,16,600,2.0,0.3,ma_compare,5,2,2015-03-23 09:20:00,2024-12-31 15:15:00,2381,125328,-0.3062053810455895,-0.03795316003495053,0.022751819937678525,-1.6891093118672462,-0.3174975661905197,3810.0,5,0,ohlc_research
T,1,16,600,2.0,0.5,ma_compare,5,2,2015-03-23 09:20:00,2024-12-31 15:15:00,2381,125328,-0.25088344817699626,-0.03010979517396184,0.020502387576772103,-1.4808198636151835,-0.2583398041839785,3400.0,6,0,ohlc_research
T,2,16,600,2.0,0.5,price_compare,5,2,2015-03-23 09:20:00,2024-12-31 15:15:00,2381,125328,-0.2592760883746861,-0.031265636556892185,0.020717372013247328,-1.5227909554374621,-0.26589981383903827,3456.0,6,0,ohlc_research
T,3,20,800,2.0,0.3,ma_compare,5,2,2015-03-23 09:20:00,2024-12-31 15:15:00,2381,125328,-0.2787742172635219,-0.03399680935890781,0.02199110007129849,-1.5617204552653967,-0.2898589660879374,3762.0,4,0,ohlc_research
T,4,20,800,2.0,0.5,ma_compare,5,2,2015-03-23 09:20:00,2024-12-31 15:15:00,2381,125328,-0.24952139886162938,-0.029923305672694966,0.019994888711511425,-1.5093054406582642,-0.25684955733075954,3348.0,2,0,ohlc_research
T,5,20,800,2.0,0.5,price_compare,5,2,2015-03-23 09:20:00,2024-12-31 15:15:00,2381,125328,-0.2655785450338052,-0.032141340226295,0.020227155754823017,-1.6048984357887521,-0.26869284169161134,3392.0,6,0,ohlc_research
TL,0,16,600,2.0,0.3,ma_compare,5,2,2023-04-24 09:35:00,2024-12-31 15:15:00,411,20961,-0.08407784287647269,-0.05242409098761425,0.04272562809367447,-1.2388523695044045,-0.09961613356459698,758.0,4,0,ohlc_research
TL,1,16,600,2.0,0.5,ma_compare,5,2,2023-04-24 09:35:00,2024-12-31 15:15:00,411,20961,-0.08207625532450358,-0.05115496329002822,0.039338091985045544,-1.3150442852906874,-0.10312686607801136,698.0,1,0,ohlc_research
TL,2,16,600,2.0,0.5,price_compare,5,2,2023-04-24 09:35:00,2024-12-31 15:15:00,411,20961,-0.07397292404922473,-0.04602786331639508,0.04039768608378826,-1.146152046425053,-0.07622628259431397,686.0,2,0,ohlc_research
TL,3,20,800,2.0,0.3,ma_compare,5,2,2023-04-24 09:35:00,2024-12-31 15:15:00,411,20961,-0.08956896541361659,-0.055911316536968014,0.04241162005164766,-1.3352533944713638,-0.10579590928756344,750.0,2,0,ohlc_research
TL,4,20,800,2.0,0.5,ma_compare,5,2,2023-04-24 09:35:00,2024-12-31 15:15:00,411,20961,-0.09360861252175279,-0.058481956362107734,0.03995266298715556,-1.4881944712151562,-0.10406717459104331,694.0,3,0,ohlc_research
TL,5,20,800,2.0,0.5,price_compare,5,2,2023-04-24 09:35:00,2024-12-31 15:15:00,411,20961,-0.07110814189721715,-0.04421942901107068,0.04106575322828995,-1.080734903616941,-0.07397132786989657,690.0,4,0,ohlc_research
